freq,s_adj,age,unit,sex,geo,time,unemployment_rate
M,NSA,TOTAL,PC_ACT,F,DE,2022-01-01,3.1
M,NSA,TOTAL,PC_ACT,F,DE,2022-02-01,2.8
M,NSA,TOTAL,PC_ACT,F,DE,2022-03-01,2.7
M,NSA,TOTAL,PC_ACT,F,DE,2022-04-01,3.1
M,NSA,TOTAL,PC_ACT,F,DE,2022-05-01,2.8
M,NSA,TOTAL,PC_ACT,F,DE,2022-06-01,2.7
M,NSA,TOTAL,PC_ACT,F,DE,2022-07-01,3.1
M,NSA,TOTAL,PC_ACT,F,DE,2022-08-01,3.0
M,NSA,TOTAL,PC_ACT,F,DE,2022-09-01,2.8
M,NSA,TOTAL,PC_ACT,F,DE,2022-10-01,2.8
M,NSA,TOTAL,PC_ACT,F,DE,2022-11-01,2.8
M,NSA,TOTAL,PC_ACT,F,DE,2022-12-01,2.8
M,NSA,TOTAL,PC_ACT,F,DE,2023-01-01,3.0
M,NSA,TOTAL,PC_ACT,F,DE,2023-02-01,2.8
M,NSA,TOTAL,PC_ACT,F,DE,2023-03-01,2.8
M,NSA,TOTAL,PC_ACT,F,DE,2023-04-01,2.9
M,NSA,TOTAL,PC_ACT,F,DE,2023-05-01,2.5
M,NSA,TOTAL,PC_ACT,F,DE,2023-06-01,2.8
M,NSA,TOTAL,PC_ACT,F,DE,2023-07-01,2.8
M,NSA,TOTAL,PC_ACT,F,DE,2023-08-01,3.0
M,NSA,TOTAL,PC_ACT,F,DE,2023-09-01,2.8
M,NSA,TOTAL,PC_ACT,F,DE,2023-10-01,3.0
M,NSA,TOTAL,PC_ACT,F,DE,2023-11-01,2.8
M,NSA,TOTAL,PC_ACT,F,DE,2023-12-01,2.7
M,NSA,TOTAL,PC_ACT,F,DE,2024-01-01,3.1
M,NSA,TOTAL,PC_ACT,F,DE,2024-02-01,3.1
M,NSA,TOTAL,PC_ACT,F,DE,2024-03-01,3.4
M,NSA,TOTAL,PC_ACT,F,DE,2024-04-01,3.0
M,NSA,TOTAL,PC_ACT,F,DE,2024-05-01,3.2
M,NSA,TOTAL,PC_ACT,F,DE,2024-06-01,3.0
M,NSA,TOTAL,PC_ACT,F,DE,2024-07-01,3.4
M,NSA,TOTAL,PC_ACT,F,DE,2024-08-01,3.5
M,NSA,TOTAL,PC_ACT,F,DE,2024-09-01,2.9
M,NSA,TOTAL,PC_ACT,F,DE,2024-10-01,3.1
M,NSA,TOTAL,PC_ACT,F,DE,2024-11-01,3.1
M,NSA,TOTAL,PC_ACT,F,DE,2024-12-01,2.9
M,NSA,TOTAL,PC_ACT,M,DE,2022-01-01,3.9
M,NSA,TOTAL,PC_ACT,M,DE,2022-02-01,3.4
M,NSA,TOTAL,PC_ACT,M,DE,2022-03-01,3.4
M,NSA,TOTAL,PC_ACT,M,DE,2022-04-01,3.5
M,NSA,TOTAL,PC_ACT,M,DE,2022-05-01,3.0
M,NSA,TOTAL,PC_ACT,M,DE,2022-06-01,3.6
M,NSA,TOTAL,PC_ACT,M,DE,2022-07-01,3.6
M,NSA,TOTAL,PC_ACT,M,DE,2022-08-01,3.4
M,NSA,TOTAL,PC_ACT,M,DE,2022-09-01,3.4
M,NSA,TOTAL,PC_ACT,M,DE,2022-10-01,3.3
M,NSA,TOTAL,PC_ACT,M,DE,2022-11-01,3.1
M,NSA,TOTAL,PC_ACT,M,DE,2022-12-01,3.1
M,NSA,TOTAL,PC_ACT,M,DE,2023-01-01,3.3
M,NSA,TOTAL,PC_ACT,M,DE,2023-02-01,3.5
M,NSA,TOTAL,PC_ACT,M,DE,2023-03-01,3.2
M,NSA,TOTAL,PC_ACT,M,DE,2023-04-01,3.3
M,NSA,TOTAL,PC_ACT,M,DE,2023-05-01,3.2
M,NSA,TOTAL,PC_ACT,M,DE,2023-06-01,3.3
M,NSA,TOTAL,PC_ACT,M,DE,2023-07-01,3.2
M,NSA,TOTAL,PC_ACT,M,DE,2023-08-01,3.5
M,NSA,TOTAL,PC_ACT,M,DE,2023-09-01,3.2
M,NSA,TOTAL,PC_ACT,M,DE,2023-10-01,3.3
M,NSA,TOTAL,PC_ACT,M,DE,2023-11-01,3.3
M,NSA,TOTAL,PC_ACT,M,DE,2023-12-01,3.2
M,NSA,TOTAL,PC_ACT,M,DE,2024-01-01,3.2
M,NSA,TOTAL,PC_ACT,M,DE,2024-02-01,4.0
M,NSA,TOTAL,PC_ACT,M,DE,2024-03-01,3.5
M,NSA,TOTAL,PC_ACT,M,DE,2024-04-01,3.4
M,NSA,TOTAL,PC_ACT,M,DE,2024-05-01,3.9
M,NSA,TOTAL,PC_ACT,M,DE,2024-06-01,3.8
M,NSA,TOTAL,PC_ACT,M,DE,2024-07-01,3.8
M,NSA,TOTAL,PC_ACT,M,DE,2024-08-01,4.0
M,NSA,TOTAL,PC_ACT,M,DE,2024-09-01,3.4
M,NSA,TOTAL,PC_ACT,M,DE,2024-10-01,3.3
M,NSA,TOTAL,PC_ACT,M,DE,2024-11-01,3.5
M,NSA,TOTAL,PC_ACT,M,DE,2024-12-01,3.4
M,NSA,TOTAL,PC_ACT,T,DE,2022-01-01,3.5
M,NSA,TOTAL,PC_ACT,T,DE,2022-02-01,3.1
M,NSA,TOTAL,PC_ACT,T,DE,2022-03-01,3.1
M,NSA,TOTAL,PC_ACT,T,DE,2022-04-01,3.3
M,NSA,TOTAL,PC_ACT,T,DE,2022-05-01,2.9
M,NSA,TOTAL,PC_ACT,T,DE,2022-06-01,3.1
M,NSA,TOTAL,PC_ACT,T,DE,2022-07-01,3.4
M,NSA,TOTAL,PC_ACT,T,DE,2022-08-01,3.2
M,NSA,TOTAL,PC_ACT,T,DE,2022-09-01,3.1
M,NSA,TOTAL,PC_ACT,T,DE,2022-10-01,3.1
M,NSA,TOTAL,PC_ACT,T,DE,2022-11-01,3.0
M,NSA,TOTAL,PC_ACT,T,DE,2022-12-01,2.9
M,NSA,TOTAL,PC_ACT,T,DE,2023-01-01,3.1
M,NSA,TOTAL,PC_ACT,T,DE,2023-02-01,3.2
M,NSA,TOTAL,PC_ACT,T,DE,2023-03-01,3.0
M,NSA,TOTAL,PC_ACT,T,DE,2023-04-01,3.1
M,NSA,TOTAL,PC_ACT,T,DE,2023-05-01,2.9
M,NSA,TOTAL,PC_ACT,T,DE,2023-06-01,3.1
M,NSA,TOTAL,PC_ACT,T,DE,2023-07-01,3.0
M,NSA,TOTAL,PC_ACT,T,DE,2023-08-01,3.3
M,NSA,TOTAL,PC_ACT,T,DE,2023-09-01,3.0
M,NSA,TOTAL,PC_ACT,T,DE,2023-10-01,3.2
M,NSA,TOTAL,PC_ACT,T,DE,2023-11-01,3.1
M,NSA,TOTAL,PC_ACT,T,DE,2023-12-01,3.0
M,NSA,TOTAL,PC_ACT,T,DE,2024-01-01,3.2
M,NSA,TOTAL,PC_ACT,T,DE,2024-02-01,3.6
M,NSA,TOTAL,PC_ACT,T,DE,2024-03-01,3.5
M,NSA,TOTAL,PC_ACT,T,DE,2024-04-01,3.2
M,NSA,TOTAL,PC_ACT,T,DE,2024-05-01,3.6
M,NSA,TOTAL,PC_ACT,T,DE,2024-06-01,3.4
M,NSA,TOTAL,PC_ACT,T,DE,2024-07-01,3.6
M,NSA,TOTAL,PC_ACT,T,DE,2024-08-01,3.7
M,NSA,TOTAL,PC_ACT,T,DE,2024-09-01,3.2
M,NSA,TOTAL,PC_ACT,T,DE,2024-10-01,3.2
M,NSA,TOTAL,PC_ACT,T,DE,2024-11-01,3.3
M,NSA,TOTAL,PC_ACT,T,DE,2024-12-01,3.2
M,NSA,TOTAL,THS_PER,F,DE,2022-01-01,619.0
M,NSA,TOTAL,THS_PER,F,DE,2022-02-01,561.0
M,NSA,TOTAL,THS_PER,F,DE,2022-03-01,539.0
M,NSA,TOTAL,THS_PER,F,DE,2022-04-01,626.0
M,NSA,TOTAL,THS_PER,F,DE,2022-05-01,554.0
M,NSA,TOTAL,THS_PER,F,DE,2022-06-01,542.0
M,NSA,TOTAL,THS_PER,F,DE,2022-07-01,635.0
M,NSA,TOTAL,THS_PER,F,DE,2022-08-01,596.0
M,NSA,TOTAL,THS_PER,F,DE,2022-09-01,572.0
M,NSA,TOTAL,THS_PER,F,DE,2022-10-01,580.0
M,NSA,TOTAL,THS_PER,F,DE,2022-11-01,581.0
M,NSA,TOTAL,THS_PER,F,DE,2022-12-01,562.0
M,NSA,TOTAL,THS_PER,F,DE,2023-01-01,609.0
M,NSA,TOTAL,THS_PER,F,DE,2023-02-01,566.0
M,NSA,TOTAL,THS_PER,F,DE,2023-03-01,561.0
M,NSA,TOTAL,THS_PER,F,DE,2023-04-01,597.0
M,NSA,TOTAL,THS_PER,F,DE,2023-05-01,519.0
M,NSA,TOTAL,THS_PER,F,DE,2023-06-01,565.0
M,NSA,TOTAL,THS_PER,F,DE,2023-07-01,570.0
M,NSA,TOTAL,THS_PER,F,DE,2023-08-01,612.0
M,NSA,TOTAL,THS_PER,F,DE,2023-09-01,573.0
M,NSA,TOTAL,THS_PER,F,DE,2023-10-01,621.0
M,NSA,TOTAL,THS_PER,F,DE,2023-11-01,580.0
M,NSA,TOTAL,THS_PER,F,DE,2023-12-01,555.0
M,NSA,TOTAL,THS_PER,F,DE,2024-01-01,627.0
M,NSA,TOTAL,THS_PER,F,DE,2024-02-01,628.0
M,NSA,TOTAL,THS_PER,F,DE,2024-03-01,691.0
M,NSA,TOTAL,THS_PER,F,DE,2024-04-01,616.0
M,NSA,TOTAL,THS_PER,F,DE,2024-05-01,654.0
M,NSA,TOTAL,THS_PER,F,DE,2024-06-01,621.0
M,NSA,TOTAL,THS_PER,F,DE,2024-07-01,697.0
M,NSA,TOTAL,THS_PER,F,DE,2024-08-01,719.0
M,NSA,TOTAL,THS_PER,F,DE,2024-09-01,605.0
M,NSA,TOTAL,THS_PER,F,DE,2024-10-01,652.0
M,NSA,TOTAL,THS_PER,F,DE,2024-11-01,643.0
M,NSA,TOTAL,THS_PER,F,DE,2024-12-01,612.0
M,NSA,TOTAL,THS_PER,M,DE,2022-01-01,886.0
M,NSA,TOTAL,THS_PER,M,DE,2022-02-01,761.0
M,NSA,TOTAL,THS_PER,M,DE,2022-03-01,765.0
M,NSA,TOTAL,THS_PER,M,DE,2022-04-01,800.0
M,NSA,TOTAL,THS_PER,M,DE,2022-05-01,696.0
M,NSA,TOTAL,THS_PER,M,DE,2022-06-01,810.0
M,NSA,TOTAL,THS_PER,M,DE,2022-07-01,822.0
M,NSA,TOTAL,THS_PER,M,DE,2022-08-01,779.0
M,NSA,TOTAL,THS_PER,M,DE,2022-09-01,779.0
M,NSA,TOTAL,THS_PER,M,DE,2022-10-01,764.0
M,NSA,TOTAL,THS_PER,M,DE,2022-11-01,722.0
M,NSA,TOTAL,THS_PER,M,DE,2022-12-01,709.0
M,NSA,TOTAL,THS_PER,M,DE,2023-01-01,758.0
M,NSA,TOTAL,THS_PER,M,DE,2023-02-01,809.0
M,NSA,TOTAL,THS_PER,M,DE,2023-03-01,744.0
M,NSA,TOTAL,THS_PER,M,DE,2023-04-01,766.0
M,NSA,TOTAL,THS_PER,M,DE,2023-05-01,735.0
M,NSA,TOTAL,THS_PER,M,DE,2023-06-01,762.0
M,NSA,TOTAL,THS_PER,M,DE,2023-07-01,749.0
M,NSA,TOTAL,THS_PER,M,DE,2023-08-01,812.0
M,NSA,TOTAL,THS_PER,M,DE,2023-09-01,749.0
M,NSA,TOTAL,THS_PER,M,DE,2023-10-01,771.0
M,NSA,TOTAL,THS_PER,M,DE,2023-11-01,774.0
M,NSA,TOTAL,THS_PER,M,DE,2023-12-01,750.0
M,NSA,TOTAL,THS_PER,M,DE,2024-01-01,756.0
M,NSA,TOTAL,THS_PER,M,DE,2024-02-01,921.0
M,NSA,TOTAL,THS_PER,M,DE,2024-03-01,820.0
M,NSA,TOTAL,THS_PER,M,DE,2024-04-01,787.0
M,NSA,TOTAL,THS_PER,M,DE,2024-05-01,904.0
M,NSA,TOTAL,THS_PER,M,DE,2024-06-01,880.0
M,NSA,TOTAL,THS_PER,M,DE,2024-07-01,896.0
M,NSA,TOTAL,THS_PER,M,DE,2024-08-01,924.0
M,NSA,TOTAL,THS_PER,M,DE,2024-09-01,809.0
M,NSA,TOTAL,THS_PER,M,DE,2024-10-01,790.0
M,NSA,TOTAL,THS_PER,M,DE,2024-11-01,830.0
M,NSA,TOTAL,THS_PER,M,DE,2024-12-01,801.0
M,NSA,TOTAL,THS_PER,T,DE,2022-01-01,1505.0
M,NSA,TOTAL,THS_PER,T,DE,2022-02-01,1322.0
M,NSA,TOTAL,THS_PER,T,DE,2022-03-01,1303.0
M,NSA,TOTAL,THS_PER,T,DE,2022-04-01,1426.0
M,NSA,TOTAL,THS_PER,T,DE,2022-05-01,1249.0
M,NSA,TOTAL,THS_PER,T,DE,2022-06-01,1352.0
M,NSA,TOTAL,THS_PER,T,DE,2022-07-01,1458.0
M,NSA,TOTAL,THS_PER,T,DE,2022-08-01,1375.0
M,NSA,TOTAL,THS_PER,T,DE,2022-09-01,1351.0
M,NSA,TOTAL,THS_PER,T,DE,2022-10-01,1345.0
M,NSA,TOTAL,THS_PER,T,DE,2022-11-01,1303.0
M,NSA,TOTAL,THS_PER,T,DE,2022-12-01,1272.0
M,NSA,TOTAL,THS_PER,T,DE,2023-01-01,1368.0
M,NSA,TOTAL,THS_PER,T,DE,2023-02-01,1375.0
M,NSA,TOTAL,THS_PER,T,DE,2023-03-01,1305.0
M,NSA,TOTAL,THS_PER,T,DE,2023-04-01,1363.0
M,NSA,TOTAL,THS_PER,T,DE,2023-05-01,1254.0
M,NSA,TOTAL,THS_PER,T,DE,2023-06-01,1327.0
M,NSA,TOTAL,THS_PER,T,DE,2023-07-01,1319.0
M,NSA,TOTAL,THS_PER,T,DE,2023-08-01,1423.0
M,NSA,TOTAL,THS_PER,T,DE,2023-09-01,1322.0
M,NSA,TOTAL,THS_PER,T,DE,2023-10-01,1392.0
M,NSA,TOTAL,THS_PER,T,DE,2023-11-01,1354.0
M,NSA,TOTAL,THS_PER,T,DE,2023-12-01,1305.0
M,NSA,TOTAL,THS_PER,T,DE,2024-01-01,1383.0
M,NSA,TOTAL,THS_PER,T,DE,2024-02-01,1549.0
M,NSA,TOTAL,THS_PER,T,DE,2024-03-01,1510.0
M,NSA,TOTAL,THS_PER,T,DE,2024-04-01,1403.0
M,NSA,TOTAL,THS_PER,T,DE,2024-05-01,1558.0
M,NSA,TOTAL,THS_PER,T,DE,2024-06-01,1501.0
M,NSA,TOTAL,THS_PER,T,DE,2024-07-01,1593.0
M,NSA,TOTAL,THS_PER,T,DE,2024-08-01,1643.0
M,NSA,TOTAL,THS_PER,T,DE,2024-09-01,1414.0
M,NSA,TOTAL,THS_PER,T,DE,2024-10-01,1441.0
M,NSA,TOTAL,THS_PER,T,DE,2024-11-01,1472.0
M,NSA,TOTAL,THS_PER,T,DE,2024-12-01,1413.0
M,NSA,Y25-74,PC_ACT,F,DE,2022-01-01,2.9
M,NSA,Y25-74,PC_ACT,F,DE,2022-02-01,2.7
M,NSA,Y25-74,PC_ACT,F,DE,2022-03-01,2.5
M,NSA,Y25-74,PC_ACT,F,DE,2022-04-01,2.9
M,NSA,Y25-74,PC_ACT,F,DE,2022-05-01,2.6
M,NSA,Y25-74,PC_ACT,F,DE,2022-06-01,2.3
M,NSA,Y25-74,PC_ACT,F,DE,2022-07-01,2.6
M,NSA,Y25-74,PC_ACT,F,DE,2022-08-01,2.6
M,NSA,Y25-74,PC_ACT,F,DE,2022-09-01,2.4
M,NSA,Y25-74,PC_ACT,F,DE,2022-10-01,2.5
M,NSA,Y25-74,PC_ACT,F,DE,2022-11-01,2.6
M,NSA,Y25-74,PC_ACT,F,DE,2022-12-01,2.4
M,NSA,Y25-74,PC_ACT,F,DE,2023-01-01,2.8
M,NSA,Y25-74,PC_ACT,F,DE,2023-02-01,2.5
M,NSA,Y25-74,PC_ACT,F,DE,2023-03-01,2.5
M,NSA,Y25-74,PC_ACT,F,DE,2023-04-01,2.7
M,NSA,Y25-74,PC_ACT,F,DE,2023-05-01,2.3
M,NSA,Y25-74,PC_ACT,F,DE,2023-06-01,2.4
M,NSA,Y25-74,PC_ACT,F,DE,2023-07-01,2.4
M,NSA,Y25-74,PC_ACT,F,DE,2023-08-01,2.7
M,NSA,Y25-74,PC_ACT,F,DE,2023-09-01,2.4
M,NSA,Y25-74,PC_ACT,F,DE,2023-10-01,2.6
M,NSA,Y25-74,PC_ACT,F,DE,2023-11-01,2.6
M,NSA,Y25-74,PC_ACT,F,DE,2023-12-01,2.6
M,NSA,Y25-74,PC_ACT,F,DE,2024-01-01,2.8
M,NSA,Y25-74,PC_ACT,F,DE,2024-02-01,2.7
M,NSA,Y25-74,PC_ACT,F,DE,2024-03-01,3.2
M,NSA,Y25-74,PC_ACT,F,DE,2024-04-01,2.8
M,NSA,Y25-74,PC_ACT,F,DE,2024-05-01,2.8
M,NSA,Y25-74,PC_ACT,F,DE,2024-06-01,2.7
M,NSA,Y25-74,PC_ACT,F,DE,2024-07-01,2.8
M,NSA,Y25-74,PC_ACT,F,DE,2024-08-01,3.0
M,NSA,Y25-74,PC_ACT,F,DE,2024-09-01,2.7
M,NSA,Y25-74,PC_ACT,F,DE,2024-10-01,2.8
M,NSA,Y25-74,PC_ACT,F,DE,2024-11-01,2.9
M,NSA,Y25-74,PC_ACT,F,DE,2024-12-01,2.8
M,NSA,Y25-74,PC_ACT,M,DE,2022-01-01,3.7
M,NSA,Y25-74,PC_ACT,M,DE,2022-02-01,3.1
M,NSA,Y25-74,PC_ACT,M,DE,2022-03-01,3.1
M,NSA,Y25-74,PC_ACT,M,DE,2022-04-01,3.1
M,NSA,Y25-74,PC_ACT,M,DE,2022-05-01,2.7
M,NSA,Y25-74,PC_ACT,M,DE,2022-06-01,3.1
M,NSA,Y25-74,PC_ACT,M,DE,2022-07-01,3.0
M,NSA,Y25-74,PC_ACT,M,DE,2022-08-01,2.9
M,NSA,Y25-74,PC_ACT,M,DE,2022-09-01,3.1
M,NSA,Y25-74,PC_ACT,M,DE,2022-10-01,3.0
M,NSA,Y25-74,PC_ACT,M,DE,2022-11-01,2.8
M,NSA,Y25-74,PC_ACT,M,DE,2022-12-01,2.9
M,NSA,Y25-74,PC_ACT,M,DE,2023-01-01,3.0
M,NSA,Y25-74,PC_ACT,M,DE,2023-02-01,3.1
M,NSA,Y25-74,PC_ACT,M,DE,2023-03-01,2.9
M,NSA,Y25-74,PC_ACT,M,DE,2023-04-01,2.8
M,NSA,Y25-74,PC_ACT,M,DE,2023-05-01,2.8
M,NSA,Y25-74,PC_ACT,M,DE,2023-06-01,2.9
M,NSA,Y25-74,PC_ACT,M,DE,2023-07-01,2.9
M,NSA,Y25-74,PC_ACT,M,DE,2023-08-01,3.1
M,NSA,Y25-74,PC_ACT,M,DE,2023-09-01,2.8
M,NSA,Y25-74,PC_ACT,M,DE,2023-10-01,2.9
M,NSA,Y25-74,PC_ACT,M,DE,2023-11-01,2.9
M,NSA,Y25-74,PC_ACT,M,DE,2023-12-01,3.0
M,NSA,Y25-74,PC_ACT,M,DE,2024-01-01,3.0
M,NSA,Y25-74,PC_ACT,M,DE,2024-02-01,3.7
M,NSA,Y25-74,PC_ACT,M,DE,2024-03-01,3.2
M,NSA,Y25-74,PC_ACT,M,DE,2024-04-01,3.0
M,NSA,Y25-74,PC_ACT,M,DE,2024-05-01,3.4
M,NSA,Y25-74,PC_ACT,M,DE,2024-06-01,3.2
M,NSA,Y25-74,PC_ACT,M,DE,2024-07-01,3.4
M,NSA,Y25-74,PC_ACT,M,DE,2024-08-01,3.5
M,NSA,Y25-74,PC_ACT,M,DE,2024-09-01,2.9
M,NSA,Y25-74,PC_ACT,M,DE,2024-10-01,2.9
M,NSA,Y25-74,PC_ACT,M,DE,2024-11-01,3.2
M,NSA,Y25-74,PC_ACT,M,DE,2024-12-01,3.1
M,NSA,Y25-74,PC_ACT,T,DE,2022-01-01,3.3
M,NSA,Y25-74,PC_ACT,T,DE,2022-02-01,2.9
M,NSA,Y25-74,PC_ACT,T,DE,2022-03-01,2.8
M,NSA,Y25-74,PC_ACT,T,DE,2022-04-01,3.0
M,NSA,Y25-74,PC_ACT,T,DE,2022-05-01,2.6
M,NSA,Y25-74,PC_ACT,T,DE,2022-06-01,2.7
M,NSA,Y25-74,PC_ACT,T,DE,2022-07-01,2.8
M,NSA,Y25-74,PC_ACT,T,DE,2022-08-01,2.8
M,NSA,Y25-74,PC_ACT,T,DE,2022-09-01,2.8
M,NSA,Y25-74,PC_ACT,T,DE,2022-10-01,2.8
M,NSA,Y25-74,PC_ACT,T,DE,2022-11-01,2.7
M,NSA,Y25-74,PC_ACT,T,DE,2022-12-01,2.7
M,NSA,Y25-74,PC_ACT,T,DE,2023-01-01,2.9
M,NSA,Y25-74,PC_ACT,T,DE,2023-02-01,2.8
M,NSA,Y25-74,PC_ACT,T,DE,2023-03-01,2.7
M,NSA,Y25-74,PC_ACT,T,DE,2023-04-01,2.8
M,NSA,Y25-74,PC_ACT,T,DE,2023-05-01,2.6
M,NSA,Y25-74,PC_ACT,T,DE,2023-06-01,2.7
M,NSA,Y25-74,PC_ACT,T,DE,2023-07-01,2.7
M,NSA,Y25-74,PC_ACT,T,DE,2023-08-01,2.9
M,NSA,Y25-74,PC_ACT,T,DE,2023-09-01,2.6
M,NSA,Y25-74,PC_ACT,T,DE,2023-10-01,2.8
M,NSA,Y25-74,PC_ACT,T,DE,2023-11-01,2.8
M,NSA,Y25-74,PC_ACT,T,DE,2023-12-01,2.8
M,NSA,Y25-74,PC_ACT,T,DE,2024-01-01,2.9
M,NSA,Y25-74,PC_ACT,T,DE,2024-02-01,3.2
M,NSA,Y25-74,PC_ACT,T,DE,2024-03-01,3.2
M,NSA,Y25-74,PC_ACT,T,DE,2024-04-01,2.9
M,NSA,Y25-74,PC_ACT,T,DE,2024-05-01,3.1
M,NSA,Y25-74,PC_ACT,T,DE,2024-06-01,3.0
M,NSA,Y25-74,PC_ACT,T,DE,2024-07-01,3.1
M,NSA,Y25-74,PC_ACT,T,DE,2024-08-01,3.3
M,NSA,Y25-74,PC_ACT,T,DE,2024-09-01,2.8
M,NSA,Y25-74,PC_ACT,T,DE,2024-10-01,2.9
M,NSA,Y25-74,PC_ACT,T,DE,2024-11-01,3.0
M,NSA,Y25-74,PC_ACT,T,DE,2024-12-01,2.9
M,NSA,Y25-74,THS_PER,F,DE,2022-01-01,514.0
M,NSA,Y25-74,THS_PER,F,DE,2022-02-01,478.0
M,NSA,Y25-74,THS_PER,F,DE,2022-03-01,455.0
M,NSA,Y25-74,THS_PER,F,DE,2022-04-01,522.0
M,NSA,Y25-74,THS_PER,F,DE,2022-05-01,463.0
M,NSA,Y25-74,THS_PER,F,DE,2022-06-01,428.0
M,NSA,Y25-74,THS_PER,F,DE,2022-07-01,468.0
M,NSA,Y25-74,THS_PER,F,DE,2022-08-01,477.0
M,NSA,Y25-74,THS_PER,F,DE,2022-09-01,448.0
M,NSA,Y25-74,THS_PER,F,DE,2022-10-01,467.0
M,NSA,Y25-74,THS_PER,F,DE,2022-11-01,478.0
M,NSA,Y25-74,THS_PER,F,DE,2022-12-01,448.0
M,NSA,Y25-74,THS_PER,F,DE,2023-01-01,504.0
M,NSA,Y25-74,THS_PER,F,DE,2023-02-01,462.0
M,NSA,Y25-74,THS_PER,F,DE,2023-03-01,459.0
M,NSA,Y25-74,THS_PER,F,DE,2023-04-01,493.0
M,NSA,Y25-74,THS_PER,F,DE,2023-05-01,433.0
M,NSA,Y25-74,THS_PER,F,DE,2023-06-01,442.0
M,NSA,Y25-74,THS_PER,F,DE,2023-07-01,447.0
M,NSA,Y25-74,THS_PER,F,DE,2023-08-01,506.0
M,NSA,Y25-74,THS_PER,F,DE,2023-09-01,445.0
M,NSA,Y25-74,THS_PER,F,DE,2023-10-01,483.0
M,NSA,Y25-74,THS_PER,F,DE,2023-11-01,477.0
M,NSA,Y25-74,THS_PER,F,DE,2023-12-01,477.0
M,NSA,Y25-74,THS_PER,F,DE,2024-01-01,518.0
M,NSA,Y25-74,THS_PER,F,DE,2024-02-01,501.0
M,NSA,Y25-74,THS_PER,F,DE,2024-03-01,585.0
M,NSA,Y25-74,THS_PER,F,DE,2024-04-01,509.0
M,NSA,Y25-74,THS_PER,F,DE,2024-05-01,520.0
M,NSA,Y25-74,THS_PER,F,DE,2024-06-01,492.0
M,NSA,Y25-74,THS_PER,F,DE,2024-07-01,524.0
M,NSA,Y25-74,THS_PER,F,DE,2024-08-01,556.0
M,NSA,Y25-74,THS_PER,F,DE,2024-09-01,501.0
M,NSA,Y25-74,THS_PER,F,DE,2024-10-01,525.0
M,NSA,Y25-74,THS_PER,F,DE,2024-11-01,534.0
M,NSA,Y25-74,THS_PER,F,DE,2024-12-01,518.0
M,NSA,Y25-74,THS_PER,M,DE,2022-01-01,754.0
M,NSA,Y25-74,THS_PER,M,DE,2022-02-01,629.0
M,NSA,Y25-74,THS_PER,M,DE,2022-03-01,626.0
M,NSA,Y25-74,THS_PER,M,DE,2022-04-01,642.0
M,NSA,Y25-74,THS_PER,M,DE,2022-05-01,556.0
M,NSA,Y25-74,THS_PER,M,DE,2022-06-01,630.0
M,NSA,Y25-74,THS_PER,M,DE,2022-07-01,621.0
M,NSA,Y25-74,THS_PER,M,DE,2022-08-01,607.0
M,NSA,Y25-74,THS_PER,M,DE,2022-09-01,636.0
M,NSA,Y25-74,THS_PER,M,DE,2022-10-01,615.0
M,NSA,Y25-74,THS_PER,M,DE,2022-11-01,578.0
M,NSA,Y25-74,THS_PER,M,DE,2022-12-01,590.0
M,NSA,Y25-74,THS_PER,M,DE,2023-01-01,624.0
M,NSA,Y25-74,THS_PER,M,DE,2023-02-01,645.0
M,NSA,Y25-74,THS_PER,M,DE,2023-03-01,597.0
M,NSA,Y25-74,THS_PER,M,DE,2023-04-01,588.0
M,NSA,Y25-74,THS_PER,M,DE,2023-05-01,591.0
M,NSA,Y25-74,THS_PER,M,DE,2023-06-01,592.0
M,NSA,Y25-74,THS_PER,M,DE,2023-07-01,602.0
M,NSA,Y25-74,THS_PER,M,DE,2023-08-01,642.0
M,NSA,Y25-74,THS_PER,M,DE,2023-09-01,590.0
M,NSA,Y25-74,THS_PER,M,DE,2023-10-01,608.0
M,NSA,Y25-74,THS_PER,M,DE,2023-11-01,607.0
M,NSA,Y25-74,THS_PER,M,DE,2023-12-01,625.0
M,NSA,Y25-74,THS_PER,M,DE,2024-01-01,619.0
M,NSA,Y25-74,THS_PER,M,DE,2024-02-01,764.0
M,NSA,Y25-74,THS_PER,M,DE,2024-03-01,660.0
M,NSA,Y25-74,THS_PER,M,DE,2024-04-01,631.0
M,NSA,Y25-74,THS_PER,M,DE,2024-05-01,707.0
M,NSA,Y25-74,THS_PER,M,DE,2024-06-01,673.0
M,NSA,Y25-74,THS_PER,M,DE,2024-07-01,705.0
M,NSA,Y25-74,THS_PER,M,DE,2024-08-01,730.0
M,NSA,Y25-74,THS_PER,M,DE,2024-09-01,621.0
M,NSA,Y25-74,THS_PER,M,DE,2024-10-01,615.0
M,NSA,Y25-74,THS_PER,M,DE,2024-11-01,668.0
M,NSA,Y25-74,THS_PER,M,DE,2024-12-01,655.0
M,NSA,Y25-74,THS_PER,T,DE,2022-01-01,1268.0
M,NSA,Y25-74,THS_PER,T,DE,2022-02-01,1107.0
M,NSA,Y25-74,THS_PER,T,DE,2022-03-01,1081.0
M,NSA,Y25-74,THS_PER,T,DE,2022-04-01,1164.0
M,NSA,Y25-74,THS_PER,T,DE,2022-05-01,1019.0
M,NSA,Y25-74,THS_PER,T,DE,2022-06-01,1057.0
M,NSA,Y25-74,THS_PER,T,DE,2022-07-01,1089.0
M,NSA,Y25-74,THS_PER,T,DE,2022-08-01,1084.0
M,NSA,Y25-74,THS_PER,T,DE,2022-09-01,1085.0
M,NSA,Y25-74,THS_PER,T,DE,2022-10-01,1082.0
M,NSA,Y25-74,THS_PER,T,DE,2022-11-01,1056.0
M,NSA,Y25-74,THS_PER,T,DE,2022-12-01,1038.0
M,NSA,Y25-74,THS_PER,T,DE,2023-01-01,1128.0
M,NSA,Y25-74,THS_PER,T,DE,2023-02-01,1107.0
M,NSA,Y25-74,THS_PER,T,DE,2023-03-01,1057.0
M,NSA,Y25-74,THS_PER,T,DE,2023-04-01,1082.0
M,NSA,Y25-74,THS_PER,T,DE,2023-05-01,1024.0
M,NSA,Y25-74,THS_PER,T,DE,2023-06-01,1034.0
M,NSA,Y25-74,THS_PER,T,DE,2023-07-01,1049.0
M,NSA,Y25-74,THS_PER,T,DE,2023-08-01,1149.0
M,NSA,Y25-74,THS_PER,T,DE,2023-09-01,1035.0
M,NSA,Y25-74,THS_PER,T,DE,2023-10-01,1090.0
M,NSA,Y25-74,THS_PER,T,DE,2023-11-01,1084.0
M,NSA,Y25-74,THS_PER,T,DE,2023-12-01,1102.0
M,NSA,Y25-74,THS_PER,T,DE,2024-01-01,1137.0
M,NSA,Y25-74,THS_PER,T,DE,2024-02-01,1265.0
M,NSA,Y25-74,THS_PER,T,DE,2024-03-01,1245.0
M,NSA,Y25-74,THS_PER,T,DE,2024-04-01,1140.0
M,NSA,Y25-74,THS_PER,T,DE,2024-05-01,1227.0
M,NSA,Y25-74,THS_PER,T,DE,2024-06-01,1166.0
M,NSA,Y25-74,THS_PER,T,DE,2024-07-01,1228.0
M,NSA,Y25-74,THS_PER,T,DE,2024-08-01,1286.0
M,NSA,Y25-74,THS_PER,T,DE,2024-09-01,1122.0
M,NSA,Y25-74,THS_PER,T,DE,2024-10-01,1140.0
M,NSA,Y25-74,THS_PER,T,DE,2024-11-01,1203.0
M,NSA,Y25-74,THS_PER,T,DE,2024-12-01,1173.0
M,NSA,Y_LT25,PC_ACT,F,DE,2022-01-01,5.1
M,NSA,Y_LT25,PC_ACT,F,DE,2022-02-01,4.4
M,NSA,Y_LT25,PC_ACT,F,DE,2022-03-01,4.2
M,NSA,Y_LT25,PC_ACT,F,DE,2022-04-01,5.3
M,NSA,Y_LT25,PC_ACT,F,DE,2022-05-01,4.6
M,NSA,Y_LT25,PC_ACT,F,DE,2022-06-01,5.8
M,NSA,Y_LT25,PC_ACT,F,DE,2022-07-01,8.6
M,NSA,Y_LT25,PC_ACT,F,DE,2022-08-01,5.9
M,NSA,Y_LT25,PC_ACT,F,DE,2022-09-01,6.0
M,NSA,Y_LT25,PC_ACT,F,DE,2022-10-01,5.5
M,NSA,Y_LT25,PC_ACT,F,DE,2022-11-01,4.9
M,NSA,Y_LT25,PC_ACT,F,DE,2022-12-01,5.5
M,NSA,Y_LT25,PC_ACT,F,DE,2023-01-01,5.1
M,NSA,Y_LT25,PC_ACT,F,DE,2023-02-01,5.0
M,NSA,Y_LT25,PC_ACT,F,DE,2023-03-01,5.1
M,NSA,Y_LT25,PC_ACT,F,DE,2023-04-01,5.1
M,NSA,Y_LT25,PC_ACT,F,DE,2023-05-01,4.4
M,NSA,Y_LT25,PC_ACT,F,DE,2023-06-01,5.9
M,NSA,Y_LT25,PC_ACT,F,DE,2023-07-01,6.2
M,NSA,Y_LT25,PC_ACT,F,DE,2023-08-01,5.2
M,NSA,Y_LT25,PC_ACT,F,DE,2023-09-01,6.1
M,NSA,Y_LT25,PC_ACT,F,DE,2023-10-01,6.8
M,NSA,Y_LT25,PC_ACT,F,DE,2023-11-01,4.7
M,NSA,Y_LT25,PC_ACT,F,DE,2023-12-01,3.7
M,NSA,Y_LT25,PC_ACT,F,DE,2024-01-01,5.3
M,NSA,Y_LT25,PC_ACT,F,DE,2024-02-01,6.1
M,NSA,Y_LT25,PC_ACT,F,DE,2024-03-01,5.0
M,NSA,Y_LT25,PC_ACT,F,DE,2024-04-01,5.2
M,NSA,Y_LT25,PC_ACT,F,DE,2024-05-01,6.4
M,NSA,Y_LT25,PC_ACT,F,DE,2024-06-01,6.2
M,NSA,Y_LT25,PC_ACT,F,DE,2024-07-01,8.6
M,NSA,Y_LT25,PC_ACT,F,DE,2024-08-01,7.8
M,NSA,Y_LT25,PC_ACT,F,DE,2024-09-01,4.8
M,NSA,Y_LT25,PC_ACT,F,DE,2024-10-01,6.0
M,NSA,Y_LT25,PC_ACT,F,DE,2024-11-01,5.0
M,NSA,Y_LT25,PC_ACT,F,DE,2024-12-01,4.5
M,NSA,Y_LT25,PC_ACT,M,DE,2022-01-01,5.6
M,NSA,Y_LT25,PC_ACT,M,DE,2022-02-01,5.8
M,NSA,Y_LT25,PC_ACT,M,DE,2022-03-01,6.2
M,NSA,Y_LT25,PC_ACT,M,DE,2022-04-01,7.1
M,NSA,Y_LT25,PC_ACT,M,DE,2022-05-01,6.0
M,NSA,Y_LT25,PC_ACT,M,DE,2022-06-01,7.9
M,NSA,Y_LT25,PC_ACT,M,DE,2022-07-01,8.7
M,NSA,Y_LT25,PC_ACT,M,DE,2022-08-01,7.1
M,NSA,Y_LT25,PC_ACT,M,DE,2022-09-01,6.0
M,NSA,Y_LT25,PC_ACT,M,DE,2022-10-01,6.2
M,NSA,Y_LT25,PC_ACT,M,DE,2022-11-01,5.8
M,NSA,Y_LT25,PC_ACT,M,DE,2022-12-01,4.9
M,NSA,Y_LT25,PC_ACT,M,DE,2023-01-01,5.5
M,NSA,Y_LT25,PC_ACT,M,DE,2023-02-01,6.7
M,NSA,Y_LT25,PC_ACT,M,DE,2023-03-01,6.4
M,NSA,Y_LT25,PC_ACT,M,DE,2023-04-01,7.6
M,NSA,Y_LT25,PC_ACT,M,DE,2023-05-01,5.9
M,NSA,Y_LT25,PC_ACT,M,DE,2023-06-01,7.1
M,NSA,Y_LT25,PC_ACT,M,DE,2023-07-01,6.2
M,NSA,Y_LT25,PC_ACT,M,DE,2023-08-01,7.2
M,NSA,Y_LT25,PC_ACT,M,DE,2023-09-01,6.5
M,NSA,Y_LT25,PC_ACT,M,DE,2023-10-01,6.6
M,NSA,Y_LT25,PC_ACT,M,DE,2023-11-01,6.7
M,NSA,Y_LT25,PC_ACT,M,DE,2023-12-01,5.4
M,NSA,Y_LT25,PC_ACT,M,DE,2024-01-01,5.8
M,NSA,Y_LT25,PC_ACT,M,DE,2024-02-01,6.5
M,NSA,Y_LT25,PC_ACT,M,DE,2024-03-01,6.7
M,NSA,Y_LT25,PC_ACT,M,DE,2024-04-01,6.4
M,NSA,Y_LT25,PC_ACT,M,DE,2024-05-01,8.2
M,NSA,Y_LT25,PC_ACT,M,DE,2024-06-01,8.6
M,NSA,Y_LT25,PC_ACT,M,DE,2024-07-01,8.1
M,NSA,Y_LT25,PC_ACT,M,DE,2024-08-01,8.0
M,NSA,Y_LT25,PC_ACT,M,DE,2024-09-01,7.6
M,NSA,Y_LT25,PC_ACT,M,DE,2024-10-01,7.0
M,NSA,Y_LT25,PC_ACT,M,DE,2024-11-01,6.3
M,NSA,Y_LT25,PC_ACT,M,DE,2024-12-01,6.0
M,NSA,Y_LT25,PC_ACT,T,DE,2022-01-01,5.4
M,NSA,Y_LT25,PC_ACT,T,DE,2022-02-01,5.2
M,NSA,Y_LT25,PC_ACT,T,DE,2022-03-01,5.3
M,NSA,Y_LT25,PC_ACT,T,DE,2022-04-01,6.3
M,NSA,Y_LT25,PC_ACT,T,DE,2022-05-01,5.4
M,NSA,Y_LT25,PC_ACT,T,DE,2022-06-01,6.9
M,NSA,Y_LT25,PC_ACT,T,DE,2022-07-01,8.6
M,NSA,Y_LT25,PC_ACT,T,DE,2022-08-01,6.6
M,NSA,Y_LT25,PC_ACT,T,DE,2022-09-01,6.0
M,NSA,Y_LT25,PC_ACT,T,DE,2022-10-01,5.9
M,NSA,Y_LT25,PC_ACT,T,DE,2022-11-01,5.4
M,NSA,Y_LT25,PC_ACT,T,DE,2022-12-01,5.2
M,NSA,Y_LT25,PC_ACT,T,DE,2023-01-01,5.3
M,NSA,Y_LT25,PC_ACT,T,DE,2023-02-01,5.9
M,NSA,Y_LT25,PC_ACT,T,DE,2023-03-01,5.8
M,NSA,Y_LT25,PC_ACT,T,DE,2023-04-01,6.4
M,NSA,Y_LT25,PC_ACT,T,DE,2023-05-01,5.2
M,NSA,Y_LT25,PC_ACT,T,DE,2023-06-01,6.6
M,NSA,Y_LT25,PC_ACT,T,DE,2023-07-01,6.2
M,NSA,Y_LT25,PC_ACT,T,DE,2023-08-01,6.3
M,NSA,Y_LT25,PC_ACT,T,DE,2023-09-01,6.3
M,NSA,Y_LT25,PC_ACT,T,DE,2023-10-01,6.7
M,NSA,Y_LT25,PC_ACT,T,DE,2023-11-01,5.8
M,NSA,Y_LT25,PC_ACT,T,DE,2023-12-01,4.6
M,NSA,Y_LT25,PC_ACT,T,DE,2024-01-01,5.5
M,NSA,Y_LT25,PC_ACT,T,DE,2024-02-01,6.3
M,NSA,Y_LT25,PC_ACT,T,DE,2024-03-01,5.9
M,NSA,Y_LT25,PC_ACT,T,DE,2024-04-01,5.8
M,NSA,Y_LT25,PC_ACT,T,DE,2024-05-01,7.4
M,NSA,Y_LT25,PC_ACT,T,DE,2024-06-01,7.5
M,NSA,Y_LT25,PC_ACT,T,DE,2024-07-01,8.3
M,NSA,Y_LT25,PC_ACT,T,DE,2024-08-01,7.9
M,NSA,Y_LT25,PC_ACT,T,DE,2024-09-01,6.3
M,NSA,Y_LT25,PC_ACT,T,DE,2024-10-01,6.5
M,NSA,Y_LT25,PC_ACT,T,DE,2024-11-01,5.7
M,NSA,Y_LT25,PC_ACT,T,DE,2024-12-01,5.3
M,NSA,Y_LT25,THS_PER,F,DE,2022-01-01,105.0
M,NSA,Y_LT25,THS_PER,F,DE,2022-02-01,83.0
M,NSA,Y_LT25,THS_PER,F,DE,2022-03-01,83.0
M,NSA,Y_LT25,THS_PER,F,DE,2022-04-01,104.0
M,NSA,Y_LT25,THS_PER,F,DE,2022-05-01,91.0
M,NSA,Y_LT25,THS_PER,F,DE,2022-06-01,115.0
M,NSA,Y_LT25,THS_PER,F,DE,2022-07-01,167.0
M,NSA,Y_LT25,THS_PER,F,DE,2022-08-01,119.0
M,NSA,Y_LT25,THS_PER,F,DE,2022-09-01,123.0
M,NSA,Y_LT25,THS_PER,F,DE,2022-10-01,113.0
M,NSA,Y_LT25,THS_PER,F,DE,2022-11-01,103.0
M,NSA,Y_LT25,THS_PER,F,DE,2022-12-01,114.0
M,NSA,Y_LT25,THS_PER,F,DE,2023-01-01,106.0
M,NSA,Y_LT25,THS_PER,F,DE,2023-02-01,103.0
M,NSA,Y_LT25,THS_PER,F,DE,2023-03-01,102.0
M,NSA,Y_LT25,THS_PER,F,DE,2023-04-01,104.0
M,NSA,Y_LT25,THS_PER,F,DE,2023-05-01,86.0
M,NSA,Y_LT25,THS_PER,F,DE,2023-06-01,123.0
M,NSA,Y_LT25,THS_PER,F,DE,2023-07-01,123.0
M,NSA,Y_LT25,THS_PER,F,DE,2023-08-01,105.0
M,NSA,Y_LT25,THS_PER,F,DE,2023-09-01,128.0
M,NSA,Y_LT25,THS_PER,F,DE,2023-10-01,139.0
M,NSA,Y_LT25,THS_PER,F,DE,2023-11-01,103.0
M,NSA,Y_LT25,THS_PER,F,DE,2023-12-01,77.0
M,NSA,Y_LT25,THS_PER,F,DE,2024-01-01,109.0
M,NSA,Y_LT25,THS_PER,F,DE,2024-02-01,127.0
M,NSA,Y_LT25,THS_PER,F,DE,2024-03-01,105.0
M,NSA,Y_LT25,THS_PER,F,DE,2024-04-01,107.0
M,NSA,Y_LT25,THS_PER,F,DE,2024-05-01,135.0
M,NSA,Y_LT25,THS_PER,F,DE,2024-06-01,128.0
M,NSA,Y_LT25,THS_PER,F,DE,2024-07-01,173.0
M,NSA,Y_LT25,THS_PER,F,DE,2024-08-01,163.0
M,NSA,Y_LT25,THS_PER,F,DE,2024-09-01,104.0
M,NSA,Y_LT25,THS_PER,F,DE,2024-10-01,127.0
M,NSA,Y_LT25,THS_PER,F,DE,2024-11-01,108.0
M,NSA,Y_LT25,THS_PER,F,DE,2024-12-01,94.0
M,NSA,Y_LT25,THS_PER,M,DE,2022-01-01,132.0
M,NSA,Y_LT25,THS_PER,M,DE,2022-02-01,132.0
M,NSA,Y_LT25,THS_PER,M,DE,2022-03-01,138.0
M,NSA,Y_LT25,THS_PER,M,DE,2022-04-01,158.0
M,NSA,Y_LT25,THS_PER,M,DE,2022-05-01,139.0
M,NSA,Y_LT25,THS_PER,M,DE,2022-06-01,180.0
M,NSA,Y_LT25,THS_PER,M,DE,2022-07-01,201.0
M,NSA,Y_LT25,THS_PER,M,DE,2022-08-01,172.0
M,NSA,Y_LT25,THS_PER,M,DE,2022-09-01,143.0
M,NSA,Y_LT25,THS_PER,M,DE,2022-10-01,149.0
M,NSA,Y_LT25,THS_PER,M,DE,2022-11-01,144.0
M,NSA,Y_LT25,THS_PER,M,DE,2022-12-01,119.0
M,NSA,Y_LT25,THS_PER,M,DE,2023-01-01,135.0
M,NSA,Y_LT25,THS_PER,M,DE,2023-02-01,164.0
M,NSA,Y_LT25,THS_PER,M,DE,2023-03-01,146.0
M,NSA,Y_LT25,THS_PER,M,DE,2023-04-01,178.0
M,NSA,Y_LT25,THS_PER,M,DE,2023-05-01,143.0
M,NSA,Y_LT25,THS_PER,M,DE,2023-06-01,169.0
M,NSA,Y_LT25,THS_PER,M,DE,2023-07-01,148.0
M,NSA,Y_LT25,THS_PER,M,DE,2023-08-01,170.0
M,NSA,Y_LT25,THS_PER,M,DE,2023-09-01,159.0
M,NSA,Y_LT25,THS_PER,M,DE,2023-10-01,163.0
M,NSA,Y_LT25,THS_PER,M,DE,2023-11-01,167.0
M,NSA,Y_LT25,THS_PER,M,DE,2023-12-01,125.0
M,NSA,Y_LT25,THS_PER,M,DE,2024-01-01,137.0
M,NSA,Y_LT25,THS_PER,M,DE,2024-02-01,156.0
M,NSA,Y_LT25,THS_PER,M,DE,2024-03-01,160.0
M,NSA,Y_LT25,THS_PER,M,DE,2024-04-01,156.0
M,NSA,Y_LT25,THS_PER,M,DE,2024-05-01,197.0
M,NSA,Y_LT25,THS_PER,M,DE,2024-06-01,207.0
M,NSA,Y_LT25,THS_PER,M,DE,2024-07-01,192.0
M,NSA,Y_LT25,THS_PER,M,DE,2024-08-01,194.0
M,NSA,Y_LT25,THS_PER,M,DE,2024-09-01,188.0
M,NSA,Y_LT25,THS_PER,M,DE,2024-10-01,175.0
M,NSA,Y_LT25,THS_PER,M,DE,2024-11-01,161.0
M,NSA,Y_LT25,THS_PER,M,DE,2024-12-01,146.0
M,NSA,Y_LT25,THS_PER,T,DE,2022-01-01,237.0
M,NSA,Y_LT25,THS_PER,T,DE,2022-02-01,215.0
M,NSA,Y_LT25,THS_PER,T,DE,2022-03-01,222.0
M,NSA,Y_LT25,THS_PER,T,DE,2022-04-01,262.0
M,NSA,Y_LT25,THS_PER,T,DE,2022-05-01,230.0
M,NSA,Y_LT25,THS_PER,T,DE,2022-06-01,294.0
M,NSA,Y_LT25,THS_PER,T,DE,2022-07-01,368.0
M,NSA,Y_LT25,THS_PER,T,DE,2022-08-01,291.0
M,NSA,Y_LT25,THS_PER,T,DE,2022-09-01,266.0
M,NSA,Y_LT25,THS_PER,T,DE,2022-10-01,262.0
M,NSA,Y_LT25,THS_PER,T,DE,2022-11-01,247.0
M,NSA,Y_LT25,THS_PER,T,DE,2022-12-01,234.0
M,NSA,Y_LT25,THS_PER,T,DE,2023-01-01,240.0
M,NSA,Y_LT25,THS_PER,T,DE,2023-02-01,268.0
M,NSA,Y_LT25,THS_PER,T,DE,2023-03-01,249.0
M,NSA,Y_LT25,THS_PER,T,DE,2023-04-01,281.0
M,NSA,Y_LT25,THS_PER,T,DE,2023-05-01,230.0
M,NSA,Y_LT25,THS_PER,T,DE,2023-06-01,293.0
M,NSA,Y_LT25,THS_PER,T,DE,2023-07-01,270.0
M,NSA,Y_LT25,THS_PER,T,DE,2023-08-01,275.0
M,NSA,Y_LT25,THS_PER,T,DE,2023-09-01,287.0
M,NSA,Y_LT25,THS_PER,T,DE,2023-10-01,302.0
M,NSA,Y_LT25,THS_PER,T,DE,2023-11-01,270.0
M,NSA,Y_LT25,THS_PER,T,DE,2023-12-01,203.0
M,NSA,Y_LT25,THS_PER,T,DE,2024-01-01,246.0
M,NSA,Y_LT25,THS_PER,T,DE,2024-02-01,284.0
M,NSA,Y_LT25,THS_PER,T,DE,2024-03-01,265.0
M,NSA,Y_LT25,THS_PER,T,DE,2024-04-01,263.0
M,NSA,Y_LT25,THS_PER,T,DE,2024-05-01,332.0
M,NSA,Y_LT25,THS_PER,T,DE,2024-06-01,335.0
M,NSA,Y_LT25,THS_PER,T,DE,2024-07-01,365.0
M,NSA,Y_LT25,THS_PER,T,DE,2024-08-01,357.0
M,NSA,Y_LT25,THS_PER,T,DE,2024-09-01,292.0
M,NSA,Y_LT25,THS_PER,T,DE,2024-10-01,302.0
M,NSA,Y_LT25,THS_PER,T,DE,2024-11-01,269.0
M,NSA,Y_LT25,THS_PER,T,DE,2024-12-01,240.0
M,SA,TOTAL,PC_ACT,F,DE,2022-01-01,2.9
M,SA,TOTAL,PC_ACT,F,DE,2022-02-01,2.9
M,SA,TOTAL,PC_ACT,F,DE,2022-03-01,2.8
M,SA,TOTAL,PC_ACT,F,DE,2022-04-01,2.8
M,SA,TOTAL,PC_ACT,F,DE,2022-05-01,2.8
M,SA,TOTAL,PC_ACT,F,DE,2022-06-01,2.8
M,SA,TOTAL,PC_ACT,F,DE,2022-07-01,2.8
M,SA,TOTAL,PC_ACT,F,DE,2022-08-01,2.9
M,SA,TOTAL,PC_ACT,F,DE,2022-09-01,2.9
M,SA,TOTAL,PC_ACT,F,DE,2022-10-01,2.9
M,SA,TOTAL,PC_ACT,F,DE,2022-11-01,2.9
M,SA,TOTAL,PC_ACT,F,DE,2022-12-01,2.9
M,SA,TOTAL,PC_ACT,F,DE,2023-01-01,2.8
M,SA,TOTAL,PC_ACT,F,DE,2023-02-01,2.8
M,SA,TOTAL,PC_ACT,F,DE,2023-03-01,2.8
M,SA,TOTAL,PC_ACT,F,DE,2023-04-01,2.7
M,SA,TOTAL,PC_ACT,F,DE,2023-05-01,2.7
M,SA,TOTAL,PC_ACT,F,DE,2023-06-01,2.7
M,SA,TOTAL,PC_ACT,F,DE,2023-07-01,2.8
M,SA,TOTAL,PC_ACT,F,DE,2023-08-01,2.8
M,SA,TOTAL,PC_ACT,F,DE,2023-09-01,2.8
M,SA,TOTAL,PC_ACT,F,DE,2023-10-01,2.9
M,SA,TOTAL,PC_ACT,F,DE,2023-11-01,2.9
M,SA,TOTAL,PC_ACT,F,DE,2023-12-01,2.9
M,SA,TOTAL,PC_ACT,F,DE,2024-01-01,3.0
M,SA,TOTAL,PC_ACT,F,DE,2024-02-01,3.0
M,SA,TOTAL,PC_ACT,F,DE,2024-03-01,3.1
M,SA,TOTAL,PC_ACT,F,DE,2024-04-01,3.1
M,SA,TOTAL,PC_ACT,F,DE,2024-05-01,3.2
M,SA,TOTAL,PC_ACT,F,DE,2024-06-01,3.2
M,SA,TOTAL,PC_ACT,F,DE,2024-07-01,3.2
M,SA,TOTAL,PC_ACT,F,DE,2024-08-01,3.2
M,SA,TOTAL,PC_ACT,F,DE,2024-09-01,3.2
M,SA,TOTAL,PC_ACT,F,DE,2024-10-01,3.2
M,SA,TOTAL,PC_ACT,F,DE,2024-11-01,3.2
M,SA,TOTAL,PC_ACT,F,DE,2024-12-01,3.2
M,SA,TOTAL,PC_ACT,M,DE,2022-01-01,3.7
M,SA,TOTAL,PC_ACT,M,DE,2022-02-01,3.6
M,SA,TOTAL,PC_ACT,M,DE,2022-03-01,3.5
M,SA,TOTAL,PC_ACT,M,DE,2022-04-01,3.4
M,SA,TOTAL,PC_ACT,M,DE,2022-05-01,3.4
M,SA,TOTAL,PC_ACT,M,DE,2022-06-01,3.4
M,SA,TOTAL,PC_ACT,M,DE,2022-07-01,3.4
M,SA,TOTAL,PC_ACT,M,DE,2022-08-01,3.4
M,SA,TOTAL,PC_ACT,M,DE,2022-09-01,3.4
M,SA,TOTAL,PC_ACT,M,DE,2022-10-01,3.4
M,SA,TOTAL,PC_ACT,M,DE,2022-11-01,3.3
M,SA,TOTAL,PC_ACT,M,DE,2022-12-01,3.3
M,SA,TOTAL,PC_ACT,M,DE,2023-01-01,3.2
M,SA,TOTAL,PC_ACT,M,DE,2023-02-01,3.2
M,SA,TOTAL,PC_ACT,M,DE,2023-03-01,3.2
M,SA,TOTAL,PC_ACT,M,DE,2023-04-01,3.2
M,SA,TOTAL,PC_ACT,M,DE,2023-05-01,3.2
M,SA,TOTAL,PC_ACT,M,DE,2023-06-01,3.3
M,SA,TOTAL,PC_ACT,M,DE,2023-07-01,3.3
M,SA,TOTAL,PC_ACT,M,DE,2023-08-01,3.3
M,SA,TOTAL,PC_ACT,M,DE,2023-09-01,3.4
M,SA,TOTAL,PC_ACT,M,DE,2023-10-01,3.4
M,SA,TOTAL,PC_ACT,M,DE,2023-11-01,3.4
M,SA,TOTAL,PC_ACT,M,DE,2023-12-01,3.4
M,SA,TOTAL,PC_ACT,M,DE,2024-01-01,3.4
M,SA,TOTAL,PC_ACT,M,DE,2024-02-01,3.5
M,SA,TOTAL,PC_ACT,M,DE,2024-03-01,3.5
M,SA,TOTAL,PC_ACT,M,DE,2024-04-01,3.6
M,SA,TOTAL,PC_ACT,M,DE,2024-05-01,3.6
M,SA,TOTAL,PC_ACT,M,DE,2024-06-01,3.6
M,SA,TOTAL,PC_ACT,M,DE,2024-07-01,3.6
M,SA,TOTAL,PC_ACT,M,DE,2024-08-01,3.6
M,SA,TOTAL,PC_ACT,M,DE,2024-09-01,3.6
M,SA,TOTAL,PC_ACT,M,DE,2024-10-01,3.6
M,SA,TOTAL,PC_ACT,M,DE,2024-11-01,3.6
M,SA,TOTAL,PC_ACT,M,DE,2024-12-01,3.7
M,SA,TOTAL,PC_ACT,T,DE,2022-01-01,3.3
M,SA,TOTAL,PC_ACT,T,DE,2022-02-01,3.2
M,SA,TOTAL,PC_ACT,T,DE,2022-03-01,3.2
M,SA,TOTAL,PC_ACT,T,DE,2022-04-01,3.1
M,SA,TOTAL,PC_ACT,T,DE,2022-05-01,3.1
M,SA,TOTAL,PC_ACT,T,DE,2022-06-01,3.1
M,SA,TOTAL,PC_ACT,T,DE,2022-07-01,3.1
M,SA,TOTAL,PC_ACT,T,DE,2022-08-01,3.1
M,SA,TOTAL,PC_ACT,T,DE,2022-09-01,3.2
M,SA,TOTAL,PC_ACT,T,DE,2022-10-01,3.1
M,SA,TOTAL,PC_ACT,T,DE,2022-11-01,3.1
M,SA,TOTAL,PC_ACT,T,DE,2022-12-01,3.1
M,SA,TOTAL,PC_ACT,T,DE,2023-01-01,3.0
M,SA,TOTAL,PC_ACT,T,DE,2023-02-01,3.0
M,SA,TOTAL,PC_ACT,T,DE,2023-03-01,3.0
M,SA,TOTAL,PC_ACT,T,DE,2023-04-01,3.0
M,SA,TOTAL,PC_ACT,T,DE,2023-05-01,3.0
M,SA,TOTAL,PC_ACT,T,DE,2023-06-01,3.0
M,SA,TOTAL,PC_ACT,T,DE,2023-07-01,3.0
M,SA,TOTAL,PC_ACT,T,DE,2023-08-01,3.1
M,SA,TOTAL,PC_ACT,T,DE,2023-09-01,3.1
M,SA,TOTAL,PC_ACT,T,DE,2023-10-01,3.1
M,SA,TOTAL,PC_ACT,T,DE,2023-11-01,3.2
M,SA,TOTAL,PC_ACT,T,DE,2023-12-01,3.2
M,SA,TOTAL,PC_ACT,T,DE,2024-01-01,3.2
M,SA,TOTAL,PC_ACT,T,DE,2024-02-01,3.2
M,SA,TOTAL,PC_ACT,T,DE,2024-03-01,3.3
M,SA,TOTAL,PC_ACT,T,DE,2024-04-01,3.4
M,SA,TOTAL,PC_ACT,T,DE,2024-05-01,3.4
M,SA,TOTAL,PC_ACT,T,DE,2024-06-01,3.4
M,SA,TOTAL,PC_ACT,T,DE,2024-07-01,3.4
M,SA,TOTAL,PC_ACT,T,DE,2024-08-01,3.4
M,SA,TOTAL,PC_ACT,T,DE,2024-09-01,3.4
M,SA,TOTAL,PC_ACT,T,DE,2024-10-01,3.4
M,SA,TOTAL,PC_ACT,T,DE,2024-11-01,3.4
M,SA,TOTAL,PC_ACT,T,DE,2024-12-01,3.5
M,SA,TOTAL,THS_PER,F,DE,2022-01-01,576.0
M,SA,TOTAL,THS_PER,F,DE,2022-02-01,572.0
M,SA,TOTAL,THS_PER,F,DE,2022-03-01,569.0
M,SA,TOTAL,THS_PER,F,DE,2022-04-01,567.0
M,SA,TOTAL,THS_PER,F,DE,2022-05-01,568.0
M,SA,TOTAL,THS_PER,F,DE,2022-06-01,571.0
M,SA,TOTAL,THS_PER,F,DE,2022-07-01,576.0
M,SA,TOTAL,THS_PER,F,DE,2022-08-01,581.0
M,SA,TOTAL,THS_PER,F,DE,2022-09-01,586.0
M,SA,TOTAL,THS_PER,F,DE,2022-10-01,588.0
M,SA,TOTAL,THS_PER,F,DE,2022-11-01,589.0
M,SA,TOTAL,THS_PER,F,DE,2022-12-01,585.0
M,SA,TOTAL,THS_PER,F,DE,2023-01-01,578.0
M,SA,TOTAL,THS_PER,F,DE,2023-02-01,569.0
M,SA,TOTAL,THS_PER,F,DE,2023-03-01,562.0
M,SA,TOTAL,THS_PER,F,DE,2023-04-01,558.0
M,SA,TOTAL,THS_PER,F,DE,2023-05-01,559.0
M,SA,TOTAL,THS_PER,F,DE,2023-06-01,562.0
M,SA,TOTAL,THS_PER,F,DE,2023-07-01,568.0
M,SA,TOTAL,THS_PER,F,DE,2023-08-01,576.0
M,SA,TOTAL,THS_PER,F,DE,2023-09-01,583.0
M,SA,TOTAL,THS_PER,F,DE,2023-10-01,589.0
M,SA,TOTAL,THS_PER,F,DE,2023-11-01,594.0
M,SA,TOTAL,THS_PER,F,DE,2023-12-01,599.0
M,SA,TOTAL,THS_PER,F,DE,2024-01-01,606.0
M,SA,TOTAL,THS_PER,F,DE,2024-02-01,615.0
M,SA,TOTAL,THS_PER,F,DE,2024-03-01,626.0
M,SA,TOTAL,THS_PER,F,DE,2024-04-01,638.0
M,SA,TOTAL,THS_PER,F,DE,2024-05-01,649.0
M,SA,TOTAL,THS_PER,F,DE,2024-06-01,658.0
M,SA,TOTAL,THS_PER,F,DE,2024-07-01,664.0
M,SA,TOTAL,THS_PER,F,DE,2024-08-01,667.0
M,SA,TOTAL,THS_PER,F,DE,2024-09-01,668.0
M,SA,TOTAL,THS_PER,F,DE,2024-10-01,668.0
M,SA,TOTAL,THS_PER,F,DE,2024-11-01,669.0
M,SA,TOTAL,THS_PER,F,DE,2024-12-01,672.0
M,SA,TOTAL,THS_PER,M,DE,2022-01-01,833.0
M,SA,TOTAL,THS_PER,M,DE,2022-02-01,815.0
M,SA,TOTAL,THS_PER,M,DE,2022-03-01,797.0
M,SA,TOTAL,THS_PER,M,DE,2022-04-01,781.0
M,SA,TOTAL,THS_PER,M,DE,2022-05-01,772.0
M,SA,TOTAL,THS_PER,M,DE,2022-06-01,772.0
M,SA,TOTAL,THS_PER,M,DE,2022-07-01,775.0
M,SA,TOTAL,THS_PER,M,DE,2022-08-01,778.0
M,SA,TOTAL,THS_PER,M,DE,2022-09-01,778.0
M,SA,TOTAL,THS_PER,M,DE,2022-10-01,773.0
M,SA,TOTAL,THS_PER,M,DE,2022-11-01,765.0
M,SA,TOTAL,THS_PER,M,DE,2022-12-01,755.0
M,SA,TOTAL,THS_PER,M,DE,2023-01-01,747.0
M,SA,TOTAL,THS_PER,M,DE,2023-02-01,741.0
M,SA,TOTAL,THS_PER,M,DE,2023-03-01,740.0
M,SA,TOTAL,THS_PER,M,DE,2023-04-01,742.0
M,SA,TOTAL,THS_PER,M,DE,2023-05-01,747.0
M,SA,TOTAL,THS_PER,M,DE,2023-06-01,753.0
M,SA,TOTAL,THS_PER,M,DE,2023-07-01,762.0
M,SA,TOTAL,THS_PER,M,DE,2023-08-01,771.0
M,SA,TOTAL,THS_PER,M,DE,2023-09-01,779.0
M,SA,TOTAL,THS_PER,M,DE,2023-10-01,786.0
M,SA,TOTAL,THS_PER,M,DE,2023-11-01,790.0
M,SA,TOTAL,THS_PER,M,DE,2023-12-01,793.0
M,SA,TOTAL,THS_PER,M,DE,2024-01-01,799.0
M,SA,TOTAL,THS_PER,M,DE,2024-02-01,807.0
M,SA,TOTAL,THS_PER,M,DE,2024-03-01,818.0
M,SA,TOTAL,THS_PER,M,DE,2024-04-01,831.0
M,SA,TOTAL,THS_PER,M,DE,2024-05-01,842.0
M,SA,TOTAL,THS_PER,M,DE,2024-06-01,849.0
M,SA,TOTAL,THS_PER,M,DE,2024-07-01,850.0
M,SA,TOTAL,THS_PER,M,DE,2024-08-01,848.0
M,SA,TOTAL,THS_PER,M,DE,2024-09-01,845.0
M,SA,TOTAL,THS_PER,M,DE,2024-10-01,845.0
M,SA,TOTAL,THS_PER,M,DE,2024-11-01,849.0
M,SA,TOTAL,THS_PER,M,DE,2024-12-01,861.0
M,SA,TOTAL,THS_PER,T,DE,2022-01-01,1409.0
M,SA,TOTAL,THS_PER,T,DE,2022-02-01,1387.0
M,SA,TOTAL,THS_PER,T,DE,2022-03-01,1365.0
M,SA,TOTAL,THS_PER,T,DE,2022-04-01,1348.0
M,SA,TOTAL,THS_PER,T,DE,2022-05-01,1340.0
M,SA,TOTAL,THS_PER,T,DE,2022-06-01,1343.0
M,SA,TOTAL,THS_PER,T,DE,2022-07-01,1351.0
M,SA,TOTAL,THS_PER,T,DE,2022-08-01,1360.0
M,SA,TOTAL,THS_PER,T,DE,2022-09-01,1363.0
M,SA,TOTAL,THS_PER,T,DE,2022-10-01,1361.0
M,SA,TOTAL,THS_PER,T,DE,2022-11-01,1353.0
M,SA,TOTAL,THS_PER,T,DE,2022-12-01,1339.0
M,SA,TOTAL,THS_PER,T,DE,2023-01-01,1324.0
M,SA,TOTAL,THS_PER,T,DE,2023-02-01,1310.0
M,SA,TOTAL,THS_PER,T,DE,2023-03-01,1302.0
M,SA,TOTAL,THS_PER,T,DE,2023-04-01,1300.0
M,SA,TOTAL,THS_PER,T,DE,2023-05-01,1305.0
M,SA,TOTAL,THS_PER,T,DE,2023-06-01,1316.0
M,SA,TOTAL,THS_PER,T,DE,2023-07-01,1331.0
M,SA,TOTAL,THS_PER,T,DE,2023-08-01,1347.0
M,SA,TOTAL,THS_PER,T,DE,2023-09-01,1362.0
M,SA,TOTAL,THS_PER,T,DE,2023-10-01,1374.0
M,SA,TOTAL,THS_PER,T,DE,2023-11-01,1383.0
M,SA,TOTAL,THS_PER,T,DE,2023-12-01,1392.0
M,SA,TOTAL,THS_PER,T,DE,2024-01-01,1405.0
M,SA,TOTAL,THS_PER,T,DE,2024-02-01,1422.0
M,SA,TOTAL,THS_PER,T,DE,2024-03-01,1445.0
M,SA,TOTAL,THS_PER,T,DE,2024-04-01,1469.0
M,SA,TOTAL,THS_PER,T,DE,2024-05-01,1492.0
M,SA,TOTAL,THS_PER,T,DE,2024-06-01,1507.0
M,SA,TOTAL,THS_PER,T,DE,2024-07-01,1514.0
M,SA,TOTAL,THS_PER,T,DE,2024-08-01,1515.0
M,SA,TOTAL,THS_PER,T,DE,2024-09-01,1513.0
M,SA,TOTAL,THS_PER,T,DE,2024-10-01,1513.0
M,SA,TOTAL,THS_PER,T,DE,2024-11-01,1519.0
M,SA,TOTAL,THS_PER,T,DE,2024-12-01,1533.0
M,SA,Y25-74,PC_ACT,F,DE,2022-01-01,2.7
M,SA,Y25-74,PC_ACT,F,DE,2022-02-01,2.6
M,SA,Y25-74,PC_ACT,F,DE,2022-03-01,2.6
M,SA,Y25-74,PC_ACT,F,DE,2022-04-01,2.6
M,SA,Y25-74,PC_ACT,F,DE,2022-05-01,2.6
M,SA,Y25-74,PC_ACT,F,DE,2022-06-01,2.6
M,SA,Y25-74,PC_ACT,F,DE,2022-07-01,2.6
M,SA,Y25-74,PC_ACT,F,DE,2022-08-01,2.6
M,SA,Y25-74,PC_ACT,F,DE,2022-09-01,2.6
M,SA,Y25-74,PC_ACT,F,DE,2022-10-01,2.6
M,SA,Y25-74,PC_ACT,F,DE,2022-11-01,2.6
M,SA,Y25-74,PC_ACT,F,DE,2022-12-01,2.6
M,SA,Y25-74,PC_ACT,F,DE,2023-01-01,2.5
M,SA,Y25-74,PC_ACT,F,DE,2023-02-01,2.5
M,SA,Y25-74,PC_ACT,F,DE,2023-03-01,2.5
M,SA,Y25-74,PC_ACT,F,DE,2023-04-01,2.5
M,SA,Y25-74,PC_ACT,F,DE,2023-05-01,2.5
M,SA,Y25-74,PC_ACT,F,DE,2023-06-01,2.5
M,SA,Y25-74,PC_ACT,F,DE,2023-07-01,2.5
M,SA,Y25-74,PC_ACT,F,DE,2023-08-01,2.6
M,SA,Y25-74,PC_ACT,F,DE,2023-09-01,2.6
M,SA,Y25-74,PC_ACT,F,DE,2023-10-01,2.6
M,SA,Y25-74,PC_ACT,F,DE,2023-11-01,2.6
M,SA,Y25-74,PC_ACT,F,DE,2023-12-01,2.7
M,SA,Y25-74,PC_ACT,F,DE,2024-01-01,2.7
M,SA,Y25-74,PC_ACT,F,DE,2024-02-01,2.7
M,SA,Y25-74,PC_ACT,F,DE,2024-03-01,2.7
M,SA,Y25-74,PC_ACT,F,DE,2024-04-01,2.8
M,SA,Y25-74,PC_ACT,F,DE,2024-05-01,2.8
M,SA,Y25-74,PC_ACT,F,DE,2024-06-01,2.9
M,SA,Y25-74,PC_ACT,F,DE,2024-07-01,2.9
M,SA,Y25-74,PC_ACT,F,DE,2024-08-01,2.9
M,SA,Y25-74,PC_ACT,F,DE,2024-09-01,2.9
M,SA,Y25-74,PC_ACT,F,DE,2024-10-01,2.9
M,SA,Y25-74,PC_ACT,F,DE,2024-11-01,2.9
M,SA,Y25-74,PC_ACT,F,DE,2024-12-01,2.9
M,SA,Y25-74,PC_ACT,M,DE,2022-01-01,3.3
M,SA,Y25-74,PC_ACT,M,DE,2022-02-01,3.2
M,SA,Y25-74,PC_ACT,M,DE,2022-03-01,3.1
M,SA,Y25-74,PC_ACT,M,DE,2022-04-01,3.1
M,SA,Y25-74,PC_ACT,M,DE,2022-05-01,3.0
M,SA,Y25-74,PC_ACT,M,DE,2022-06-01,3.0
M,SA,Y25-74,PC_ACT,M,DE,2022-07-01,3.0
M,SA,Y25-74,PC_ACT,M,DE,2022-08-01,3.1
M,SA,Y25-74,PC_ACT,M,DE,2022-09-01,3.1
M,SA,Y25-74,PC_ACT,M,DE,2022-10-01,3.0
M,SA,Y25-74,PC_ACT,M,DE,2022-11-01,3.0
M,SA,Y25-74,PC_ACT,M,DE,2022-12-01,2.9
M,SA,Y25-74,PC_ACT,M,DE,2023-01-01,2.9
M,SA,Y25-74,PC_ACT,M,DE,2023-02-01,2.9
M,SA,Y25-74,PC_ACT,M,DE,2023-03-01,2.8
M,SA,Y25-74,PC_ACT,M,DE,2023-04-01,2.8
M,SA,Y25-74,PC_ACT,M,DE,2023-05-01,2.9
M,SA,Y25-74,PC_ACT,M,DE,2023-06-01,2.9
M,SA,Y25-74,PC_ACT,M,DE,2023-07-01,2.9
M,SA,Y25-74,PC_ACT,M,DE,2023-08-01,3.0
M,SA,Y25-74,PC_ACT,M,DE,2023-09-01,3.0
M,SA,Y25-74,PC_ACT,M,DE,2023-10-01,3.0
M,SA,Y25-74,PC_ACT,M,DE,2023-11-01,3.0
M,SA,Y25-74,PC_ACT,M,DE,2023-12-01,3.0
M,SA,Y25-74,PC_ACT,M,DE,2024-01-01,3.1
M,SA,Y25-74,PC_ACT,M,DE,2024-02-01,3.1
M,SA,Y25-74,PC_ACT,M,DE,2024-03-01,3.1
M,SA,Y25-74,PC_ACT,M,DE,2024-04-01,3.2
M,SA,Y25-74,PC_ACT,M,DE,2024-05-01,3.2
M,SA,Y25-74,PC_ACT,M,DE,2024-06-01,3.2
M,SA,Y25-74,PC_ACT,M,DE,2024-07-01,3.2
M,SA,Y25-74,PC_ACT,M,DE,2024-08-01,3.2
M,SA,Y25-74,PC_ACT,M,DE,2024-09-01,3.2
M,SA,Y25-74,PC_ACT,M,DE,2024-10-01,3.2
M,SA,Y25-74,PC_ACT,M,DE,2024-11-01,3.2
M,SA,Y25-74,PC_ACT,M,DE,2024-12-01,3.3
M,SA,Y25-74,PC_ACT,T,DE,2022-01-01,3.0
M,SA,Y25-74,PC_ACT,T,DE,2022-02-01,3.0
M,SA,Y25-74,PC_ACT,T,DE,2022-03-01,2.9
M,SA,Y25-74,PC_ACT,T,DE,2022-04-01,2.8
M,SA,Y25-74,PC_ACT,T,DE,2022-05-01,2.8
M,SA,Y25-74,PC_ACT,T,DE,2022-06-01,2.8
M,SA,Y25-74,PC_ACT,T,DE,2022-07-01,2.8
M,SA,Y25-74,PC_ACT,T,DE,2022-08-01,2.8
M,SA,Y25-74,PC_ACT,T,DE,2022-09-01,2.8
M,SA,Y25-74,PC_ACT,T,DE,2022-10-01,2.8
M,SA,Y25-74,PC_ACT,T,DE,2022-11-01,2.8
M,SA,Y25-74,PC_ACT,T,DE,2022-12-01,2.8
M,SA,Y25-74,PC_ACT,T,DE,2023-01-01,2.7
M,SA,Y25-74,PC_ACT,T,DE,2023-02-01,2.7
M,SA,Y25-74,PC_ACT,T,DE,2023-03-01,2.7
M,SA,Y25-74,PC_ACT,T,DE,2023-04-01,2.7
M,SA,Y25-74,PC_ACT,T,DE,2023-05-01,2.7
M,SA,Y25-74,PC_ACT,T,DE,2023-06-01,2.7
M,SA,Y25-74,PC_ACT,T,DE,2023-07-01,2.7
M,SA,Y25-74,PC_ACT,T,DE,2023-08-01,2.8
M,SA,Y25-74,PC_ACT,T,DE,2023-09-01,2.8
M,SA,Y25-74,PC_ACT,T,DE,2023-10-01,2.8
M,SA,Y25-74,PC_ACT,T,DE,2023-11-01,2.9
M,SA,Y25-74,PC_ACT,T,DE,2023-12-01,2.9
M,SA,Y25-74,PC_ACT,T,DE,2024-01-01,2.9
M,SA,Y25-74,PC_ACT,T,DE,2024-02-01,2.9
M,SA,Y25-74,PC_ACT,T,DE,2024-03-01,2.9
M,SA,Y25-74,PC_ACT,T,DE,2024-04-01,3.0
M,SA,Y25-74,PC_ACT,T,DE,2024-05-01,3.0
M,SA,Y25-74,PC_ACT,T,DE,2024-06-01,3.1
M,SA,Y25-74,PC_ACT,T,DE,2024-07-01,3.1
M,SA,Y25-74,PC_ACT,T,DE,2024-08-01,3.1
M,SA,Y25-74,PC_ACT,T,DE,2024-09-01,3.0
M,SA,Y25-74,PC_ACT,T,DE,2024-10-01,3.0
M,SA,Y25-74,PC_ACT,T,DE,2024-11-01,3.1
M,SA,Y25-74,PC_ACT,T,DE,2024-12-01,3.1
M,SA,Y25-74,THS_PER,F,DE,2022-01-01,475.0
M,SA,Y25-74,THS_PER,F,DE,2022-02-01,472.0
M,SA,Y25-74,THS_PER,F,DE,2022-03-01,468.0
M,SA,Y25-74,THS_PER,F,DE,2022-04-01,466.0
M,SA,Y25-74,THS_PER,F,DE,2022-05-01,465.0
M,SA,Y25-74,THS_PER,F,DE,2022-06-01,466.0
M,SA,Y25-74,THS_PER,F,DE,2022-07-01,468.0
M,SA,Y25-74,THS_PER,F,DE,2022-08-01,471.0
M,SA,Y25-74,THS_PER,F,DE,2022-09-01,473.0
M,SA,Y25-74,THS_PER,F,DE,2022-10-01,475.0
M,SA,Y25-74,THS_PER,F,DE,2022-11-01,475.0
M,SA,Y25-74,THS_PER,F,DE,2022-12-01,471.0
M,SA,Y25-74,THS_PER,F,DE,2023-01-01,466.0
M,SA,Y25-74,THS_PER,F,DE,2023-02-01,459.0
M,SA,Y25-74,THS_PER,F,DE,2023-03-01,454.0
M,SA,Y25-74,THS_PER,F,DE,2023-04-01,452.0
M,SA,Y25-74,THS_PER,F,DE,2023-05-01,453.0
M,SA,Y25-74,THS_PER,F,DE,2023-06-01,458.0
M,SA,Y25-74,THS_PER,F,DE,2023-07-01,465.0
M,SA,Y25-74,THS_PER,F,DE,2023-08-01,473.0
M,SA,Y25-74,THS_PER,F,DE,2023-09-01,479.0
M,SA,Y25-74,THS_PER,F,DE,2023-10-01,484.0
M,SA,Y25-74,THS_PER,F,DE,2023-11-01,487.0
M,SA,Y25-74,THS_PER,F,DE,2023-12-01,489.0
M,SA,Y25-74,THS_PER,F,DE,2024-01-01,493.0
M,SA,Y25-74,THS_PER,F,DE,2024-02-01,498.0
M,SA,Y25-74,THS_PER,F,DE,2024-03-01,504.0
M,SA,Y25-74,THS_PER,F,DE,2024-04-01,512.0
M,SA,Y25-74,THS_PER,F,DE,2024-05-01,521.0
M,SA,Y25-74,THS_PER,F,DE,2024-06-01,528.0
M,SA,Y25-74,THS_PER,F,DE,2024-07-01,532.0
M,SA,Y25-74,THS_PER,F,DE,2024-08-01,534.0
M,SA,Y25-74,THS_PER,F,DE,2024-09-01,535.0
M,SA,Y25-74,THS_PER,F,DE,2024-10-01,535.0
M,SA,Y25-74,THS_PER,F,DE,2024-11-01,537.0
M,SA,Y25-74,THS_PER,F,DE,2024-12-01,540.0
M,SA,Y25-74,THS_PER,M,DE,2022-01-01,681.0
M,SA,Y25-74,THS_PER,M,DE,2022-02-01,665.0
M,SA,Y25-74,THS_PER,M,DE,2022-03-01,647.0
M,SA,Y25-74,THS_PER,M,DE,2022-04-01,632.0
M,SA,Y25-74,THS_PER,M,DE,2022-05-01,624.0
M,SA,Y25-74,THS_PER,M,DE,2022-06-01,623.0
M,SA,Y25-74,THS_PER,M,DE,2022-07-01,627.0
M,SA,Y25-74,THS_PER,M,DE,2022-08-01,631.0
M,SA,Y25-74,THS_PER,M,DE,2022-09-01,630.0
M,SA,Y25-74,THS_PER,M,DE,2022-10-01,625.0
M,SA,Y25-74,THS_PER,M,DE,2022-11-01,617.0
M,SA,Y25-74,THS_PER,M,DE,2022-12-01,607.0
M,SA,Y25-74,THS_PER,M,DE,2023-01-01,598.0
M,SA,Y25-74,THS_PER,M,DE,2023-02-01,591.0
M,SA,Y25-74,THS_PER,M,DE,2023-03-01,589.0
M,SA,Y25-74,THS_PER,M,DE,2023-04-01,591.0
M,SA,Y25-74,THS_PER,M,DE,2023-05-01,594.0
M,SA,Y25-74,THS_PER,M,DE,2023-06-01,600.0
M,SA,Y25-74,THS_PER,M,DE,2023-07-01,608.0
M,SA,Y25-74,THS_PER,M,DE,2023-08-01,617.0
M,SA,Y25-74,THS_PER,M,DE,2023-09-01,624.0
M,SA,Y25-74,THS_PER,M,DE,2023-10-01,630.0
M,SA,Y25-74,THS_PER,M,DE,2023-11-01,633.0
M,SA,Y25-74,THS_PER,M,DE,2023-12-01,635.0
M,SA,Y25-74,THS_PER,M,DE,2024-01-01,638.0
M,SA,Y25-74,THS_PER,M,DE,2024-02-01,644.0
M,SA,Y25-74,THS_PER,M,DE,2024-03-01,654.0
M,SA,Y25-74,THS_PER,M,DE,2024-04-01,664.0
M,SA,Y25-74,THS_PER,M,DE,2024-05-01,673.0
M,SA,Y25-74,THS_PER,M,DE,2024-06-01,678.0
M,SA,Y25-74,THS_PER,M,DE,2024-07-01,677.0
M,SA,Y25-74,THS_PER,M,DE,2024-08-01,673.0
M,SA,Y25-74,THS_PER,M,DE,2024-09-01,669.0
M,SA,Y25-74,THS_PER,M,DE,2024-10-01,668.0
M,SA,Y25-74,THS_PER,M,DE,2024-11-01,672.0
M,SA,Y25-74,THS_PER,M,DE,2024-12-01,683.0
M,SA,Y25-74,THS_PER,T,DE,2022-01-01,1156.0
M,SA,Y25-74,THS_PER,T,DE,2022-02-01,1136.0
M,SA,Y25-74,THS_PER,T,DE,2022-03-01,1115.0
M,SA,Y25-74,THS_PER,T,DE,2022-04-01,1097.0
M,SA,Y25-74,THS_PER,T,DE,2022-05-01,1088.0
M,SA,Y25-74,THS_PER,T,DE,2022-06-01,1089.0
M,SA,Y25-74,THS_PER,T,DE,2022-07-01,1095.0
M,SA,Y25-74,THS_PER,T,DE,2022-08-01,1102.0
M,SA,Y25-74,THS_PER,T,DE,2022-09-01,1103.0
M,SA,Y25-74,THS_PER,T,DE,2022-10-01,1100.0
M,SA,Y25-74,THS_PER,T,DE,2022-11-01,1092.0
M,SA,Y25-74,THS_PER,T,DE,2022-12-01,1078.0
M,SA,Y25-74,THS_PER,T,DE,2023-01-01,1064.0
M,SA,Y25-74,THS_PER,T,DE,2023-02-01,1051.0
M,SA,Y25-74,THS_PER,T,DE,2023-03-01,1043.0
M,SA,Y25-74,THS_PER,T,DE,2023-04-01,1042.0
M,SA,Y25-74,THS_PER,T,DE,2023-05-01,1048.0
M,SA,Y25-74,THS_PER,T,DE,2023-06-01,1058.0
M,SA,Y25-74,THS_PER,T,DE,2023-07-01,1073.0
M,SA,Y25-74,THS_PER,T,DE,2023-08-01,1089.0
M,SA,Y25-74,THS_PER,T,DE,2023-09-01,1103.0
M,SA,Y25-74,THS_PER,T,DE,2023-10-01,1113.0
M,SA,Y25-74,THS_PER,T,DE,2023-11-01,1119.0
M,SA,Y25-74,THS_PER,T,DE,2023-12-01,1124.0
M,SA,Y25-74,THS_PER,T,DE,2024-01-01,1131.0
M,SA,Y25-74,THS_PER,T,DE,2024-02-01,1142.0
M,SA,Y25-74,THS_PER,T,DE,2024-03-01,1158.0
M,SA,Y25-74,THS_PER,T,DE,2024-04-01,1177.0
M,SA,Y25-74,THS_PER,T,DE,2024-05-01,1194.0
M,SA,Y25-74,THS_PER,T,DE,2024-06-01,1206.0
M,SA,Y25-74,THS_PER,T,DE,2024-07-01,1209.0
M,SA,Y25-74,THS_PER,T,DE,2024-08-01,1207.0
M,SA,Y25-74,THS_PER,T,DE,2024-09-01,1203.0
M,SA,Y25-74,THS_PER,T,DE,2024-10-01,1203.0
M,SA,Y25-74,THS_PER,T,DE,2024-11-01,1209.0
M,SA,Y25-74,THS_PER,T,DE,2024-12-01,1223.0
M,SA,Y_LT25,PC_ACT,F,DE,2022-01-01,5.1
M,SA,Y_LT25,PC_ACT,F,DE,2022-02-01,5.0
M,SA,Y_LT25,PC_ACT,F,DE,2022-03-01,5.0
M,SA,Y_LT25,PC_ACT,F,DE,2022-04-01,5.1
M,SA,Y_LT25,PC_ACT,F,DE,2022-05-01,5.2
M,SA,Y_LT25,PC_ACT,F,DE,2022-06-01,5.3
M,SA,Y_LT25,PC_ACT,F,DE,2022-07-01,5.4
M,SA,Y_LT25,PC_ACT,F,DE,2022-08-01,5.5
M,SA,Y_LT25,PC_ACT,F,DE,2022-09-01,5.6
M,SA,Y_LT25,PC_ACT,F,DE,2022-10-01,5.6
M,SA,Y_LT25,PC_ACT,F,DE,2022-11-01,5.6
M,SA,Y_LT25,PC_ACT,F,DE,2022-12-01,5.5
M,SA,Y_LT25,PC_ACT,F,DE,2023-01-01,5.4
M,SA,Y_LT25,PC_ACT,F,DE,2023-02-01,5.4
M,SA,Y_LT25,PC_ACT,F,DE,2023-03-01,5.2
M,SA,Y_LT25,PC_ACT,F,DE,2023-04-01,5.2
M,SA,Y_LT25,PC_ACT,F,DE,2023-05-01,5.1
M,SA,Y_LT25,PC_ACT,F,DE,2023-06-01,5.0
M,SA,Y_LT25,PC_ACT,F,DE,2023-07-01,5.0
M,SA,Y_LT25,PC_ACT,F,DE,2023-08-01,5.0
M,SA,Y_LT25,PC_ACT,F,DE,2023-09-01,5.1
M,SA,Y_LT25,PC_ACT,F,DE,2023-10-01,5.1
M,SA,Y_LT25,PC_ACT,F,DE,2023-11-01,5.2
M,SA,Y_LT25,PC_ACT,F,DE,2023-12-01,5.3
M,SA,Y_LT25,PC_ACT,F,DE,2024-01-01,5.5
M,SA,Y_LT25,PC_ACT,F,DE,2024-02-01,5.6
M,SA,Y_LT25,PC_ACT,F,DE,2024-03-01,5.8
M,SA,Y_LT25,PC_ACT,F,DE,2024-04-01,6.0
M,SA,Y_LT25,PC_ACT,F,DE,2024-05-01,6.1
M,SA,Y_LT25,PC_ACT,F,DE,2024-06-01,6.2
M,SA,Y_LT25,PC_ACT,F,DE,2024-07-01,6.3
M,SA,Y_LT25,PC_ACT,F,DE,2024-08-01,6.3
M,SA,Y_LT25,PC_ACT,F,DE,2024-09-01,6.3
M,SA,Y_LT25,PC_ACT,F,DE,2024-10-01,6.3
M,SA,Y_LT25,PC_ACT,F,DE,2024-11-01,6.3
M,SA,Y_LT25,PC_ACT,F,DE,2024-12-01,6.3
M,SA,Y_LT25,PC_ACT,M,DE,2022-01-01,6.6
M,SA,Y_LT25,PC_ACT,M,DE,2022-02-01,6.6
M,SA,Y_LT25,PC_ACT,M,DE,2022-03-01,6.5
M,SA,Y_LT25,PC_ACT,M,DE,2022-04-01,6.5
M,SA,Y_LT25,PC_ACT,M,DE,2022-05-01,6.4
M,SA,Y_LT25,PC_ACT,M,DE,2022-06-01,6.4
M,SA,Y_LT25,PC_ACT,M,DE,2022-07-01,6.3
M,SA,Y_LT25,PC_ACT,M,DE,2022-08-01,6.2
M,SA,Y_LT25,PC_ACT,M,DE,2022-09-01,6.2
M,SA,Y_LT25,PC_ACT,M,DE,2022-10-01,6.2
M,SA,Y_LT25,PC_ACT,M,DE,2022-11-01,6.2
M,SA,Y_LT25,PC_ACT,M,DE,2022-12-01,6.1
M,SA,Y_LT25,PC_ACT,M,DE,2023-01-01,6.1
M,SA,Y_LT25,PC_ACT,M,DE,2023-02-01,6.2
M,SA,Y_LT25,PC_ACT,M,DE,2023-03-01,6.2
M,SA,Y_LT25,PC_ACT,M,DE,2023-04-01,6.2
M,SA,Y_LT25,PC_ACT,M,DE,2023-05-01,6.3
M,SA,Y_LT25,PC_ACT,M,DE,2023-06-01,6.3
M,SA,Y_LT25,PC_ACT,M,DE,2023-07-01,6.4
M,SA,Y_LT25,PC_ACT,M,DE,2023-08-01,6.4
M,SA,Y_LT25,PC_ACT,M,DE,2023-09-01,6.5
M,SA,Y_LT25,PC_ACT,M,DE,2023-10-01,6.5
M,SA,Y_LT25,PC_ACT,M,DE,2023-11-01,6.6
M,SA,Y_LT25,PC_ACT,M,DE,2023-12-01,6.6
M,SA,Y_LT25,PC_ACT,M,DE,2024-01-01,6.7
M,SA,Y_LT25,PC_ACT,M,DE,2024-02-01,6.8
M,SA,Y_LT25,PC_ACT,M,DE,2024-03-01,6.8
M,SA,Y_LT25,PC_ACT,M,DE,2024-04-01,6.9
M,SA,Y_LT25,PC_ACT,M,DE,2024-05-01,6.9
M,SA,Y_LT25,PC_ACT,M,DE,2024-06-01,7.0
M,SA,Y_LT25,PC_ACT,M,DE,2024-07-01,7.1
M,SA,Y_LT25,PC_ACT,M,DE,2024-08-01,7.2
M,SA,Y_LT25,PC_ACT,M,DE,2024-09-01,7.2
M,SA,Y_LT25,PC_ACT,M,DE,2024-10-01,7.2
M,SA,Y_LT25,PC_ACT,M,DE,2024-11-01,7.3
M,SA,Y_LT25,PC_ACT,M,DE,2024-12-01,7.3
M,SA,Y_LT25,PC_ACT,T,DE,2022-01-01,5.9
M,SA,Y_LT25,PC_ACT,T,DE,2022-02-01,5.9
M,SA,Y_LT25,PC_ACT,T,DE,2022-03-01,5.8
M,SA,Y_LT25,PC_ACT,T,DE,2022-04-01,5.8
M,SA,Y_LT25,PC_ACT,T,DE,2022-05-01,5.9
M,SA,Y_LT25,PC_ACT,T,DE,2022-06-01,5.9
M,SA,Y_LT25,PC_ACT,T,DE,2022-07-01,5.9
M,SA,Y_LT25,PC_ACT,T,DE,2022-08-01,5.9
M,SA,Y_LT25,PC_ACT,T,DE,2022-09-01,5.9
M,SA,Y_LT25,PC_ACT,T,DE,2022-10-01,5.9
M,SA,Y_LT25,PC_ACT,T,DE,2022-11-01,5.9
M,SA,Y_LT25,PC_ACT,T,DE,2022-12-01,5.9
M,SA,Y_LT25,PC_ACT,T,DE,2023-01-01,5.8
M,SA,Y_LT25,PC_ACT,T,DE,2023-02-01,5.8
M,SA,Y_LT25,PC_ACT,T,DE,2023-03-01,5.8
M,SA,Y_LT25,PC_ACT,T,DE,2023-04-01,5.7
M,SA,Y_LT25,PC_ACT,T,DE,2023-05-01,5.7
M,SA,Y_LT25,PC_ACT,T,DE,2023-06-01,5.7
M,SA,Y_LT25,PC_ACT,T,DE,2023-07-01,5.8
M,SA,Y_LT25,PC_ACT,T,DE,2023-08-01,5.8
M,SA,Y_LT25,PC_ACT,T,DE,2023-09-01,5.8
M,SA,Y_LT25,PC_ACT,T,DE,2023-10-01,5.9
M,SA,Y_LT25,PC_ACT,T,DE,2023-11-01,5.9
M,SA,Y_LT25,PC_ACT,T,DE,2023-12-01,6.0
M,SA,Y_LT25,PC_ACT,T,DE,2024-01-01,6.1
M,SA,Y_LT25,PC_ACT,T,DE,2024-02-01,6.2
M,SA,Y_LT25,PC_ACT,T,DE,2024-03-01,6.3
M,SA,Y_LT25,PC_ACT,T,DE,2024-04-01,6.5
M,SA,Y_LT25,PC_ACT,T,DE,2024-05-01,6.6
M,SA,Y_LT25,PC_ACT,T,DE,2024-06-01,6.7
M,SA,Y_LT25,PC_ACT,T,DE,2024-07-01,6.7
M,SA,Y_LT25,PC_ACT,T,DE,2024-08-01,6.8
M,SA,Y_LT25,PC_ACT,T,DE,2024-09-01,6.8
M,SA,Y_LT25,PC_ACT,T,DE,2024-10-01,6.8
M,SA,Y_LT25,PC_ACT,T,DE,2024-11-01,6.8
M,SA,Y_LT25,PC_ACT,T,DE,2024-12-01,6.8
M,SA,Y_LT25,THS_PER,F,DE,2022-01-01,101.0
M,SA,Y_LT25,THS_PER,F,DE,2022-02-01,101.0
M,SA,Y_LT25,THS_PER,F,DE,2022-03-01,101.0
M,SA,Y_LT25,THS_PER,F,DE,2022-04-01,101.0
M,SA,Y_LT25,THS_PER,F,DE,2022-05-01,103.0
M,SA,Y_LT25,THS_PER,F,DE,2022-06-01,105.0
M,SA,Y_LT25,THS_PER,F,DE,2022-07-01,108.0
M,SA,Y_LT25,THS_PER,F,DE,2022-08-01,111.0
M,SA,Y_LT25,THS_PER,F,DE,2022-09-01,112.0
M,SA,Y_LT25,THS_PER,F,DE,2022-10-01,114.0
M,SA,Y_LT25,THS_PER,F,DE,2022-11-01,114.0
M,SA,Y_LT25,THS_PER,F,DE,2022-12-01,113.0
M,SA,Y_LT25,THS_PER,F,DE,2023-01-01,112.0
M,SA,Y_LT25,THS_PER,F,DE,2023-02-01,110.0
M,SA,Y_LT25,THS_PER,F,DE,2023-03-01,108.0
M,SA,Y_LT25,THS_PER,F,DE,2023-04-01,107.0
M,SA,Y_LT25,THS_PER,F,DE,2023-05-01,105.0
M,SA,Y_LT25,THS_PER,F,DE,2023-06-01,104.0
M,SA,Y_LT25,THS_PER,F,DE,2023-07-01,103.0
M,SA,Y_LT25,THS_PER,F,DE,2023-08-01,103.0
M,SA,Y_LT25,THS_PER,F,DE,2023-09-01,104.0
M,SA,Y_LT25,THS_PER,F,DE,2023-10-01,105.0
M,SA,Y_LT25,THS_PER,F,DE,2023-11-01,107.0
M,SA,Y_LT25,THS_PER,F,DE,2023-12-01,110.0
M,SA,Y_LT25,THS_PER,F,DE,2024-01-01,114.0
M,SA,Y_LT25,THS_PER,F,DE,2024-02-01,118.0
M,SA,Y_LT25,THS_PER,F,DE,2024-03-01,122.0
M,SA,Y_LT25,THS_PER,F,DE,2024-04-01,126.0
M,SA,Y_LT25,THS_PER,F,DE,2024-05-01,128.0
M,SA,Y_LT25,THS_PER,F,DE,2024-06-01,131.0
M,SA,Y_LT25,THS_PER,F,DE,2024-07-01,132.0
M,SA,Y_LT25,THS_PER,F,DE,2024-08-01,133.0
M,SA,Y_LT25,THS_PER,F,DE,2024-09-01,133.0
M,SA,Y_LT25,THS_PER,F,DE,2024-10-01,133.0
M,SA,Y_LT25,THS_PER,F,DE,2024-11-01,132.0
M,SA,Y_LT25,THS_PER,F,DE,2024-12-01,132.0
M,SA,Y_LT25,THS_PER,M,DE,2022-01-01,151.0
M,SA,Y_LT25,THS_PER,M,DE,2022-02-01,150.0
M,SA,Y_LT25,THS_PER,M,DE,2022-03-01,150.0
M,SA,Y_LT25,THS_PER,M,DE,2022-04-01,149.0
M,SA,Y_LT25,THS_PER,M,DE,2022-05-01,149.0
M,SA,Y_LT25,THS_PER,M,DE,2022-06-01,148.0
M,SA,Y_LT25,THS_PER,M,DE,2022-07-01,148.0
M,SA,Y_LT25,THS_PER,M,DE,2022-08-01,147.0
M,SA,Y_LT25,THS_PER,M,DE,2022-09-01,147.0
M,SA,Y_LT25,THS_PER,M,DE,2022-10-01,148.0
M,SA,Y_LT25,THS_PER,M,DE,2022-11-01,148.0
M,SA,Y_LT25,THS_PER,M,DE,2022-12-01,148.0
M,SA,Y_LT25,THS_PER,M,DE,2023-01-01,149.0
M,SA,Y_LT25,THS_PER,M,DE,2023-02-01,149.0
M,SA,Y_LT25,THS_PER,M,DE,2023-03-01,150.0
M,SA,Y_LT25,THS_PER,M,DE,2023-04-01,151.0
M,SA,Y_LT25,THS_PER,M,DE,2023-05-01,152.0
M,SA,Y_LT25,THS_PER,M,DE,2023-06-01,153.0
M,SA,Y_LT25,THS_PER,M,DE,2023-07-01,154.0
M,SA,Y_LT25,THS_PER,M,DE,2023-08-01,154.0
M,SA,Y_LT25,THS_PER,M,DE,2023-09-01,155.0
M,SA,Y_LT25,THS_PER,M,DE,2023-10-01,156.0
M,SA,Y_LT25,THS_PER,M,DE,2023-11-01,157.0
M,SA,Y_LT25,THS_PER,M,DE,2023-12-01,158.0
M,SA,Y_LT25,THS_PER,M,DE,2024-01-01,160.0
M,SA,Y_LT25,THS_PER,M,DE,2024-02-01,162.0
M,SA,Y_LT25,THS_PER,M,DE,2024-03-01,165.0
M,SA,Y_LT25,THS_PER,M,DE,2024-04-01,167.0
M,SA,Y_LT25,THS_PER,M,DE,2024-05-01,169.0
M,SA,Y_LT25,THS_PER,M,DE,2024-06-01,171.0
M,SA,Y_LT25,THS_PER,M,DE,2024-07-01,173.0
M,SA,Y_LT25,THS_PER,M,DE,2024-08-01,175.0
M,SA,Y_LT25,THS_PER,M,DE,2024-09-01,176.0
M,SA,Y_LT25,THS_PER,M,DE,2024-10-01,177.0
M,SA,Y_LT25,THS_PER,M,DE,2024-11-01,177.0
M,SA,Y_LT25,THS_PER,M,DE,2024-12-01,177.0
M,SA,Y_LT25,THS_PER,T,DE,2022-01-01,253.0
M,SA,Y_LT25,THS_PER,T,DE,2022-02-01,251.0
M,SA,Y_LT25,THS_PER,T,DE,2022-03-01,250.0
M,SA,Y_LT25,THS_PER,T,DE,2022-04-01,251.0
M,SA,Y_LT25,THS_PER,T,DE,2022-05-01,252.0
M,SA,Y_LT25,THS_PER,T,DE,2022-06-01,254.0
M,SA,Y_LT25,THS_PER,T,DE,2022-07-01,256.0
M,SA,Y_LT25,THS_PER,T,DE,2022-08-01,258.0
M,SA,Y_LT25,THS_PER,T,DE,2022-09-01,260.0
M,SA,Y_LT25,THS_PER,T,DE,2022-10-01,261.0
M,SA,Y_LT25,THS_PER,T,DE,2022-11-01,262.0
M,SA,Y_LT25,THS_PER,T,DE,2022-12-01,261.0
M,SA,Y_LT25,THS_PER,T,DE,2023-01-01,261.0
M,SA,Y_LT25,THS_PER,T,DE,2023-02-01,260.0
M,SA,Y_LT25,THS_PER,T,DE,2023-03-01,259.0
M,SA,Y_LT25,THS_PER,T,DE,2023-04-01,258.0
M,SA,Y_LT25,THS_PER,T,DE,2023-05-01,258.0
M,SA,Y_LT25,THS_PER,T,DE,2023-06-01,257.0
M,SA,Y_LT25,THS_PER,T,DE,2023-07-01,257.0
M,SA,Y_LT25,THS_PER,T,DE,2023-08-01,258.0
M,SA,Y_LT25,THS_PER,T,DE,2023-09-01,259.0
M,SA,Y_LT25,THS_PER,T,DE,2023-10-01,261.0
M,SA,Y_LT25,THS_PER,T,DE,2023-11-01,264.0
M,SA,Y_LT25,THS_PER,T,DE,2023-12-01,268.0
M,SA,Y_LT25,THS_PER,T,DE,2024-01-01,274.0
M,SA,Y_LT25,THS_PER,T,DE,2024-02-01,280.0
M,SA,Y_LT25,THS_PER,T,DE,2024-03-01,287.0
M,SA,Y_LT25,THS_PER,T,DE,2024-04-01,292.0
M,SA,Y_LT25,THS_PER,T,DE,2024-05-01,297.0
M,SA,Y_LT25,THS_PER,T,DE,2024-06-01,302.0
M,SA,Y_LT25,THS_PER,T,DE,2024-07-01,305.0
M,SA,Y_LT25,THS_PER,T,DE,2024-08-01,308.0
M,SA,Y_LT25,THS_PER,T,DE,2024-09-01,309.0
M,SA,Y_LT25,THS_PER,T,DE,2024-10-01,310.0
M,SA,Y_LT25,THS_PER,T,DE,2024-11-01,310.0
M,SA,Y_LT25,THS_PER,T,DE,2024-12-01,309.0
M,TC,TOTAL,PC_ACT,F,DE,2022-01-01,2.9
M,TC,TOTAL,PC_ACT,F,DE,2022-02-01,2.9
M,TC,TOTAL,PC_ACT,F,DE,2022-03-01,2.8
M,TC,TOTAL,PC_ACT,F,DE,2022-04-01,2.8
M,TC,TOTAL,PC_ACT,F,DE,2022-05-01,2.8
M,TC,TOTAL,PC_ACT,F,DE,2022-06-01,2.8
M,TC,TOTAL,PC_ACT,F,DE,2022-07-01,2.8
M,TC,TOTAL,PC_ACT,F,DE,2022-08-01,2.9
M,TC,TOTAL,PC_ACT,F,DE,2022-09-01,2.9
M,TC,TOTAL,PC_ACT,F,DE,2022-10-01,2.9
M,TC,TOTAL,PC_ACT,F,DE,2022-11-01,2.9
M,TC,TOTAL,PC_ACT,F,DE,2022-12-01,2.9
M,TC,TOTAL,PC_ACT,F,DE,2023-01-01,2.8
M,TC,TOTAL,PC_ACT,F,DE,2023-02-01,2.8
M,TC,TOTAL,PC_ACT,F,DE,2023-03-01,2.8
M,TC,TOTAL,PC_ACT,F,DE,2023-04-01,2.7
M,TC,TOTAL,PC_ACT,F,DE,2023-05-01,2.7
M,TC,TOTAL,PC_ACT,F,DE,2023-06-01,2.7
M,TC,TOTAL,PC_ACT,F,DE,2023-07-01,2.8
M,TC,TOTAL,PC_ACT,F,DE,2023-08-01,2.8
M,TC,TOTAL,PC_ACT,F,DE,2023-09-01,2.8
M,TC,TOTAL,PC_ACT,F,DE,2023-10-01,2.9
M,TC,TOTAL,PC_ACT,F,DE,2023-11-01,2.9
M,TC,TOTAL,PC_ACT,F,DE,2023-12-01,2.9
M,TC,TOTAL,PC_ACT,F,DE,2024-01-01,3.0
M,TC,TOTAL,PC_ACT,F,DE,2024-02-01,3.0
M,TC,TOTAL,PC_ACT,F,DE,2024-03-01,3.1
M,TC,TOTAL,PC_ACT,F,DE,2024-04-01,3.1
M,TC,TOTAL,PC_ACT,F,DE,2024-05-01,3.2
M,TC,TOTAL,PC_ACT,F,DE,2024-06-01,3.2
M,TC,TOTAL,PC_ACT,F,DE,2024-07-01,3.2
M,TC,TOTAL,PC_ACT,F,DE,2024-08-01,3.2
M,TC,TOTAL,PC_ACT,F,DE,2024-09-01,3.2
M,TC,TOTAL,PC_ACT,F,DE,2024-10-01,3.2
M,TC,TOTAL,PC_ACT,F,DE,2024-11-01,3.2
M,TC,TOTAL,PC_ACT,F,DE,2024-12-01,3.2
M,TC,TOTAL,PC_ACT,M,DE,2022-01-01,3.7
M,TC,TOTAL,PC_ACT,M,DE,2022-02-01,3.6
M,TC,TOTAL,PC_ACT,M,DE,2022-03-01,3.5
M,TC,TOTAL,PC_ACT,M,DE,2022-04-01,3.4
M,TC,TOTAL,PC_ACT,M,DE,2022-05-01,3.4
M,TC,TOTAL,PC_ACT,M,DE,2022-06-01,3.4
M,TC,TOTAL,PC_ACT,M,DE,2022-07-01,3.4
M,TC,TOTAL,PC_ACT,M,DE,2022-08-01,3.4
M,TC,TOTAL,PC_ACT,M,DE,2022-09-01,3.4
M,TC,TOTAL,PC_ACT,M,DE,2022-10-01,3.4
M,TC,TOTAL,PC_ACT,M,DE,2022-11-01,3.3
M,TC,TOTAL,PC_ACT,M,DE,2022-12-01,3.3
M,TC,TOTAL,PC_ACT,M,DE,2023-01-01,3.2
M,TC,TOTAL,PC_ACT,M,DE,2023-02-01,3.2
M,TC,TOTAL,PC_ACT,M,DE,2023-03-01,3.2
M,TC,TOTAL,PC_ACT,M,DE,2023-04-01,3.2
M,TC,TOTAL,PC_ACT,M,DE,2023-05-01,3.2
M,TC,TOTAL,PC_ACT,M,DE,2023-06-01,3.3
M,TC,TOTAL,PC_ACT,M,DE,2023-07-01,3.3
M,TC,TOTAL,PC_ACT,M,DE,2023-08-01,3.3
M,TC,TOTAL,PC_ACT,M,DE,2023-09-01,3.4
M,TC,TOTAL,PC_ACT,M,DE,2023-10-01,3.4
M,TC,TOTAL,PC_ACT,M,DE,2023-11-01,3.4
M,TC,TOTAL,PC_ACT,M,DE,2023-12-01,3.4
M,TC,TOTAL,PC_ACT,M,DE,2024-01-01,3.4
M,TC,TOTAL,PC_ACT,M,DE,2024-02-01,3.5
M,TC,TOTAL,PC_ACT,M,DE,2024-03-01,3.5
M,TC,TOTAL,PC_ACT,M,DE,2024-04-01,3.6
M,TC,TOTAL,PC_ACT,M,DE,2024-05-01,3.6
M,TC,TOTAL,PC_ACT,M,DE,2024-06-01,3.6
M,TC,TOTAL,PC_ACT,M,DE,2024-07-01,3.6
M,TC,TOTAL,PC_ACT,M,DE,2024-08-01,3.6
M,TC,TOTAL,PC_ACT,M,DE,2024-09-01,3.6
M,TC,TOTAL,PC_ACT,M,DE,2024-10-01,3.6
M,TC,TOTAL,PC_ACT,M,DE,2024-11-01,3.6
M,TC,TOTAL,PC_ACT,M,DE,2024-12-01,3.7
M,TC,TOTAL,PC_ACT,T,DE,2022-01-01,3.3
M,TC,TOTAL,PC_ACT,T,DE,2022-02-01,3.2
M,TC,TOTAL,PC_ACT,T,DE,2022-03-01,3.2
M,TC,TOTAL,PC_ACT,T,DE,2022-04-01,3.1
M,TC,TOTAL,PC_ACT,T,DE,2022-05-01,3.1
M,TC,TOTAL,PC_ACT,T,DE,2022-06-01,3.1
M,TC,TOTAL,PC_ACT,T,DE,2022-07-01,3.1
M,TC,TOTAL,PC_ACT,T,DE,2022-08-01,3.1
M,TC,TOTAL,PC_ACT,T,DE,2022-09-01,3.2
M,TC,TOTAL,PC_ACT,T,DE,2022-10-01,3.1
M,TC,TOTAL,PC_ACT,T,DE,2022-11-01,3.1
M,TC,TOTAL,PC_ACT,T,DE,2022-12-01,3.1
M,TC,TOTAL,PC_ACT,T,DE,2023-01-01,3.0
M,TC,TOTAL,PC_ACT,T,DE,2023-02-01,3.0
M,TC,TOTAL,PC_ACT,T,DE,2023-03-01,3.0
M,TC,TOTAL,PC_ACT,T,DE,2023-04-01,3.0
M,TC,TOTAL,PC_ACT,T,DE,2023-05-01,3.0
M,TC,TOTAL,PC_ACT,T,DE,2023-06-01,3.0
M,TC,TOTAL,PC_ACT,T,DE,2023-07-01,3.0
M,TC,TOTAL,PC_ACT,T,DE,2023-08-01,3.1
M,TC,TOTAL,PC_ACT,T,DE,2023-09-01,3.1
M,TC,TOTAL,PC_ACT,T,DE,2023-10-01,3.1
M,TC,TOTAL,PC_ACT,T,DE,2023-11-01,3.2
M,TC,TOTAL,PC_ACT,T,DE,2023-12-01,3.2
M,TC,TOTAL,PC_ACT,T,DE,2024-01-01,3.2
M,TC,TOTAL,PC_ACT,T,DE,2024-02-01,3.2
M,TC,TOTAL,PC_ACT,T,DE,2024-03-01,3.3
M,TC,TOTAL,PC_ACT,T,DE,2024-04-01,3.4
M,TC,TOTAL,PC_ACT,T,DE,2024-05-01,3.4
M,TC,TOTAL,PC_ACT,T,DE,2024-06-01,3.4
M,TC,TOTAL,PC_ACT,T,DE,2024-07-01,3.4
M,TC,TOTAL,PC_ACT,T,DE,2024-08-01,3.4
M,TC,TOTAL,PC_ACT,T,DE,2024-09-01,3.4
M,TC,TOTAL,PC_ACT,T,DE,2024-10-01,3.4
M,TC,TOTAL,PC_ACT,T,DE,2024-11-01,3.4
M,TC,TOTAL,PC_ACT,T,DE,2024-12-01,3.5
M,TC,TOTAL,THS_PER,F,DE,2022-01-01,576.0
M,TC,TOTAL,THS_PER,F,DE,2022-02-01,572.0
M,TC,TOTAL,THS_PER,F,DE,2022-03-01,569.0
M,TC,TOTAL,THS_PER,F,DE,2022-04-01,567.0
M,TC,TOTAL,THS_PER,F,DE,2022-05-01,568.0
M,TC,TOTAL,THS_PER,F,DE,2022-06-01,571.0
M,TC,TOTAL,THS_PER,F,DE,2022-07-01,576.0
M,TC,TOTAL,THS_PER,F,DE,2022-08-01,581.0
M,TC,TOTAL,THS_PER,F,DE,2022-09-01,586.0
M,TC,TOTAL,THS_PER,F,DE,2022-10-01,588.0
M,TC,TOTAL,THS_PER,F,DE,2022-11-01,589.0
M,TC,TOTAL,THS_PER,F,DE,2022-12-01,585.0
M,TC,TOTAL,THS_PER,F,DE,2023-01-01,578.0
M,TC,TOTAL,THS_PER,F,DE,2023-02-01,569.0
M,TC,TOTAL,THS_PER,F,DE,2023-03-01,562.0
M,TC,TOTAL,THS_PER,F,DE,2023-04-01,558.0
M,TC,TOTAL,THS_PER,F,DE,2023-05-01,559.0
M,TC,TOTAL,THS_PER,F,DE,2023-06-01,562.0
M,TC,TOTAL,THS_PER,F,DE,2023-07-01,568.0
M,TC,TOTAL,THS_PER,F,DE,2023-08-01,576.0
M,TC,TOTAL,THS_PER,F,DE,2023-09-01,583.0
M,TC,TOTAL,THS_PER,F,DE,2023-10-01,589.0
M,TC,TOTAL,THS_PER,F,DE,2023-11-01,594.0
M,TC,TOTAL,THS_PER,F,DE,2023-12-01,599.0
M,TC,TOTAL,THS_PER,F,DE,2024-01-01,606.0
M,TC,TOTAL,THS_PER,F,DE,2024-02-01,615.0
M,TC,TOTAL,THS_PER,F,DE,2024-03-01,626.0
M,TC,TOTAL,THS_PER,F,DE,2024-04-01,638.0
M,TC,TOTAL,THS_PER,F,DE,2024-05-01,649.0
M,TC,TOTAL,THS_PER,F,DE,2024-06-01,658.0
M,TC,TOTAL,THS_PER,F,DE,2024-07-01,664.0
M,TC,TOTAL,THS_PER,F,DE,2024-08-01,667.0
M,TC,TOTAL,THS_PER,F,DE,2024-09-01,668.0
M,TC,TOTAL,THS_PER,F,DE,2024-10-01,668.0
M,TC,TOTAL,THS_PER,F,DE,2024-11-01,669.0
M,TC,TOTAL,THS_PER,F,DE,2024-12-01,672.0
M,TC,TOTAL,THS_PER,M,DE,2022-01-01,833.0
M,TC,TOTAL,THS_PER,M,DE,2022-02-01,815.0
M,TC,TOTAL,THS_PER,M,DE,2022-03-01,797.0
M,TC,TOTAL,THS_PER,M,DE,2022-04-01,781.0
M,TC,TOTAL,THS_PER,M,DE,2022-05-01,772.0
M,TC,TOTAL,THS_PER,M,DE,2022-06-01,772.0
M,TC,TOTAL,THS_PER,M,DE,2022-07-01,775.0
M,TC,TOTAL,THS_PER,M,DE,2022-08-01,778.0
M,TC,TOTAL,THS_PER,M,DE,2022-09-01,778.0
M,TC,TOTAL,THS_PER,M,DE,2022-10-01,773.0
M,TC,TOTAL,THS_PER,M,DE,2022-11-01,765.0
M,TC,TOTAL,THS_PER,M,DE,2022-12-01,755.0
M,TC,TOTAL,THS_PER,M,DE,2023-01-01,747.0
M,TC,TOTAL,THS_PER,M,DE,2023-02-01,741.0
M,TC,TOTAL,THS_PER,M,DE,2023-03-01,740.0
M,TC,TOTAL,THS_PER,M,DE,2023-04-01,742.0
M,TC,TOTAL,THS_PER,M,DE,2023-05-01,747.0
M,TC,TOTAL,THS_PER,M,DE,2023-06-01,753.0
M,TC,TOTAL,THS_PER,M,DE,2023-07-01,762.0
M,TC,TOTAL,THS_PER,M,DE,2023-08-01,771.0
M,TC,TOTAL,THS_PER,M,DE,2023-09-01,779.0
M,TC,TOTAL,THS_PER,M,DE,2023-10-01,786.0
M,TC,TOTAL,THS_PER,M,DE,2023-11-01,790.0
M,TC,TOTAL,THS_PER,M,DE,2023-12-01,793.0
M,TC,TOTAL,THS_PER,M,DE,2024-01-01,799.0
M,TC,TOTAL,THS_PER,M,DE,2024-02-01,807.0
M,TC,TOTAL,THS_PER,M,DE,2024-03-01,818.0
M,TC,TOTAL,THS_PER,M,DE,2024-04-01,831.0
M,TC,TOTAL,THS_PER,M,DE,2024-05-01,842.0
M,TC,TOTAL,THS_PER,M,DE,2024-06-01,849.0
M,TC,TOTAL,THS_PER,M,DE,2024-07-01,850.0
M,TC,TOTAL,THS_PER,M,DE,2024-08-01,848.0
M,TC,TOTAL,THS_PER,M,DE,2024-09-01,845.0
M,TC,TOTAL,THS_PER,M,DE,2024-10-01,845.0
M,TC,TOTAL,THS_PER,M,DE,2024-11-01,849.0
M,TC,TOTAL,THS_PER,M,DE,2024-12-01,861.0
M,TC,TOTAL,THS_PER,T,DE,2022-01-01,1409.0
M,TC,TOTAL,THS_PER,T,DE,2022-02-01,1387.0
M,TC,TOTAL,THS_PER,T,DE,2022-03-01,1365.0
M,TC,TOTAL,THS_PER,T,DE,2022-04-01,1348.0
M,TC,TOTAL,THS_PER,T,DE,2022-05-01,1340.0
M,TC,TOTAL,THS_PER,T,DE,2022-06-01,1343.0
M,TC,TOTAL,THS_PER,T,DE,2022-07-01,1351.0
M,TC,TOTAL,THS_PER,T,DE,2022-08-01,1360.0
M,TC,TOTAL,THS_PER,T,DE,2022-09-01,1363.0
M,TC,TOTAL,THS_PER,T,DE,2022-10-01,1361.0
M,TC,TOTAL,THS_PER,T,DE,2022-11-01,1353.0
M,TC,TOTAL,THS_PER,T,DE,2022-12-01,1339.0
M,TC,TOTAL,THS_PER,T,DE,2023-01-01,1324.0
M,TC,TOTAL,THS_PER,T,DE,2023-02-01,1310.0
M,TC,TOTAL,THS_PER,T,DE,2023-03-01,1302.0
M,TC,TOTAL,THS_PER,T,DE,2023-04-01,1300.0
M,TC,TOTAL,THS_PER,T,DE,2023-05-01,1305.0
M,TC,TOTAL,THS_PER,T,DE,2023-06-01,1316.0
M,TC,TOTAL,THS_PER,T,DE,2023-07-01,1331.0
M,TC,TOTAL,THS_PER,T,DE,2023-08-01,1347.0
M,TC,TOTAL,THS_PER,T,DE,2023-09-01,1362.0
M,TC,TOTAL,THS_PER,T,DE,2023-10-01,1374.0
M,TC,TOTAL,THS_PER,T,DE,2023-11-01,1383.0
M,TC,TOTAL,THS_PER,T,DE,2023-12-01,1392.0
M,TC,TOTAL,THS_PER,T,DE,2024-01-01,1405.0
M,TC,TOTAL,THS_PER,T,DE,2024-02-01,1422.0
M,TC,TOTAL,THS_PER,T,DE,2024-03-01,1445.0
M,TC,TOTAL,THS_PER,T,DE,2024-04-01,1469.0
M,TC,TOTAL,THS_PER,T,DE,2024-05-01,1492.0
M,TC,TOTAL,THS_PER,T,DE,2024-06-01,1507.0
M,TC,TOTAL,THS_PER,T,DE,2024-07-01,1514.0
M,TC,TOTAL,THS_PER,T,DE,2024-08-01,1515.0
M,TC,TOTAL,THS_PER,T,DE,2024-09-01,1513.0
M,TC,TOTAL,THS_PER,T,DE,2024-10-01,1513.0
M,TC,TOTAL,THS_PER,T,DE,2024-11-01,1519.0
M,TC,TOTAL,THS_PER,T,DE,2024-12-01,1533.0
M,TC,Y25-74,PC_ACT,F,DE,2022-01-01,2.7
M,TC,Y25-74,PC_ACT,F,DE,2022-02-01,2.6
M,TC,Y25-74,PC_ACT,F,DE,2022-03-01,2.6
M,TC,Y25-74,PC_ACT,F,DE,2022-04-01,2.6
M,TC,Y25-74,PC_ACT,F,DE,2022-05-01,2.6
M,TC,Y25-74,PC_ACT,F,DE,2022-06-01,2.6
M,TC,Y25-74,PC_ACT,F,DE,2022-07-01,2.6
M,TC,Y25-74,PC_ACT,F,DE,2022-08-01,2.6
M,TC,Y25-74,PC_ACT,F,DE,2022-09-01,2.6
M,TC,Y25-74,PC_ACT,F,DE,2022-10-01,2.6
M,TC,Y25-74,PC_ACT,F,DE,2022-11-01,2.6
M,TC,Y25-74,PC_ACT,F,DE,2022-12-01,2.6
M,TC,Y25-74,PC_ACT,F,DE,2023-01-01,2.5
M,TC,Y25-74,PC_ACT,F,DE,2023-02-01,2.5
M,TC,Y25-74,PC_ACT,F,DE,2023-03-01,2.5
M,TC,Y25-74,PC_ACT,F,DE,2023-04-01,2.5
M,TC,Y25-74,PC_ACT,F,DE,2023-05-01,2.5
M,TC,Y25-74,PC_ACT,F,DE,2023-06-01,2.5
M,TC,Y25-74,PC_ACT,F,DE,2023-07-01,2.5
M,TC,Y25-74,PC_ACT,F,DE,2023-08-01,2.6
M,TC,Y25-74,PC_ACT,F,DE,2023-09-01,2.6
M,TC,Y25-74,PC_ACT,F,DE,2023-10-01,2.6
M,TC,Y25-74,PC_ACT,F,DE,2023-11-01,2.6
M,TC,Y25-74,PC_ACT,F,DE,2023-12-01,2.7
M,TC,Y25-74,PC_ACT,F,DE,2024-01-01,2.7
M,TC,Y25-74,PC_ACT,F,DE,2024-02-01,2.7
M,TC,Y25-74,PC_ACT,F,DE,2024-03-01,2.7
M,TC,Y25-74,PC_ACT,F,DE,2024-04-01,2.8
M,TC,Y25-74,PC_ACT,F,DE,2024-05-01,2.8
M,TC,Y25-74,PC_ACT,F,DE,2024-06-01,2.9
M,TC,Y25-74,PC_ACT,F,DE,2024-07-01,2.9
M,TC,Y25-74,PC_ACT,F,DE,2024-08-01,2.9
M,TC,Y25-74,PC_ACT,F,DE,2024-09-01,2.9
M,TC,Y25-74,PC_ACT,F,DE,2024-10-01,2.9
M,TC,Y25-74,PC_ACT,F,DE,2024-11-01,2.9
M,TC,Y25-74,PC_ACT,F,DE,2024-12-01,2.9
M,TC,Y25-74,PC_ACT,M,DE,2022-01-01,3.3
M,TC,Y25-74,PC_ACT,M,DE,2022-02-01,3.2
M,TC,Y25-74,PC_ACT,M,DE,2022-03-01,3.1
M,TC,Y25-74,PC_ACT,M,DE,2022-04-01,3.1
M,TC,Y25-74,PC_ACT,M,DE,2022-05-01,3.0
M,TC,Y25-74,PC_ACT,M,DE,2022-06-01,3.0
M,TC,Y25-74,PC_ACT,M,DE,2022-07-01,3.0
M,TC,Y25-74,PC_ACT,M,DE,2022-08-01,3.1
M,TC,Y25-74,PC_ACT,M,DE,2022-09-01,3.1
M,TC,Y25-74,PC_ACT,M,DE,2022-10-01,3.0
M,TC,Y25-74,PC_ACT,M,DE,2022-11-01,3.0
M,TC,Y25-74,PC_ACT,M,DE,2022-12-01,2.9
M,TC,Y25-74,PC_ACT,M,DE,2023-01-01,2.9
M,TC,Y25-74,PC_ACT,M,DE,2023-02-01,2.9
M,TC,Y25-74,PC_ACT,M,DE,2023-03-01,2.8
M,TC,Y25-74,PC_ACT,M,DE,2023-04-01,2.8
M,TC,Y25-74,PC_ACT,M,DE,2023-05-01,2.9
M,TC,Y25-74,PC_ACT,M,DE,2023-06-01,2.9
M,TC,Y25-74,PC_ACT,M,DE,2023-07-01,2.9
M,TC,Y25-74,PC_ACT,M,DE,2023-08-01,3.0
M,TC,Y25-74,PC_ACT,M,DE,2023-09-01,3.0
M,TC,Y25-74,PC_ACT,M,DE,2023-10-01,3.0
M,TC,Y25-74,PC_ACT,M,DE,2023-11-01,3.0
M,TC,Y25-74,PC_ACT,M,DE,2023-12-01,3.0
M,TC,Y25-74,PC_ACT,M,DE,2024-01-01,3.1
M,TC,Y25-74,PC_ACT,M,DE,2024-02-01,3.1
M,TC,Y25-74,PC_ACT,M,DE,2024-03-01,3.1
M,TC,Y25-74,PC_ACT,M,DE,2024-04-01,3.2
M,TC,Y25-74,PC_ACT,M,DE,2024-05-01,3.2
M,TC,Y25-74,PC_ACT,M,DE,2024-06-01,3.2
M,TC,Y25-74,PC_ACT,M,DE,2024-07-01,3.2
M,TC,Y25-74,PC_ACT,M,DE,2024-08-01,3.2
M,TC,Y25-74,PC_ACT,M,DE,2024-09-01,3.2
M,TC,Y25-74,PC_ACT,M,DE,2024-10-01,3.2
M,TC,Y25-74,PC_ACT,M,DE,2024-11-01,3.2
M,TC,Y25-74,PC_ACT,M,DE,2024-12-01,3.3
M,TC,Y25-74,PC_ACT,T,DE,2022-01-01,3.0
M,TC,Y25-74,PC_ACT,T,DE,2022-02-01,3.0
M,TC,Y25-74,PC_ACT,T,DE,2022-03-01,2.9
M,TC,Y25-74,PC_ACT,T,DE,2022-04-01,2.8
M,TC,Y25-74,PC_ACT,T,DE,2022-05-01,2.8
M,TC,Y25-74,PC_ACT,T,DE,2022-06-01,2.8
M,TC,Y25-74,PC_ACT,T,DE,2022-07-01,2.8
M,TC,Y25-74,PC_ACT,T,DE,2022-08-01,2.8
M,TC,Y25-74,PC_ACT,T,DE,2022-09-01,2.8
M,TC,Y25-74,PC_ACT,T,DE,2022-10-01,2.8
M,TC,Y25-74,PC_ACT,T,DE,2022-11-01,2.8
M,TC,Y25-74,PC_ACT,T,DE,2022-12-01,2.8
M,TC,Y25-74,PC_ACT,T,DE,2023-01-01,2.7
M,TC,Y25-74,PC_ACT,T,DE,2023-02-01,2.7
M,TC,Y25-74,PC_ACT,T,DE,2023-03-01,2.7
M,TC,Y25-74,PC_ACT,T,DE,2023-04-01,2.7
M,TC,Y25-74,PC_ACT,T,DE,2023-05-01,2.7
M,TC,Y25-74,PC_ACT,T,DE,2023-06-01,2.7
M,TC,Y25-74,PC_ACT,T,DE,2023-07-01,2.7
M,TC,Y25-74,PC_ACT,T,DE,2023-08-01,2.8
M,TC,Y25-74,PC_ACT,T,DE,2023-09-01,2.8
M,TC,Y25-74,PC_ACT,T,DE,2023-10-01,2.8
M,TC,Y25-74,PC_ACT,T,DE,2023-11-01,2.9
M,TC,Y25-74,PC_ACT,T,DE,2023-12-01,2.9
M,TC,Y25-74,PC_ACT,T,DE,2024-01-01,2.9
M,TC,Y25-74,PC_ACT,T,DE,2024-02-01,2.9
M,TC,Y25-74,PC_ACT,T,DE,2024-03-01,2.9
M,TC,Y25-74,PC_ACT,T,DE,2024-04-01,3.0
M,TC,Y25-74,PC_ACT,T,DE,2024-05-01,3.0
M,TC,Y25-74,PC_ACT,T,DE,2024-06-01,3.1
M,TC,Y25-74,PC_ACT,T,DE,2024-07-01,3.1
M,TC,Y25-74,PC_ACT,T,DE,2024-08-01,3.1
M,TC,Y25-74,PC_ACT,T,DE,2024-09-01,3.0
M,TC,Y25-74,PC_ACT,T,DE,2024-10-01,3.0
M,TC,Y25-74,PC_ACT,T,DE,2024-11-01,3.1
M,TC,Y25-74,PC_ACT,T,DE,2024-12-01,3.1
M,TC,Y25-74,THS_PER,F,DE,2022-01-01,475.0
M,TC,Y25-74,THS_PER,F,DE,2022-02-01,472.0
M,TC,Y25-74,THS_PER,F,DE,2022-03-01,468.0
M,TC,Y25-74,THS_PER,F,DE,2022-04-01,466.0
M,TC,Y25-74,THS_PER,F,DE,2022-05-01,465.0
M,TC,Y25-74,THS_PER,F,DE,2022-06-01,466.0
M,TC,Y25-74,THS_PER,F,DE,2022-07-01,468.0
M,TC,Y25-74,THS_PER,F,DE,2022-08-01,471.0
M,TC,Y25-74,THS_PER,F,DE,2022-09-01,473.0
M,TC,Y25-74,THS_PER,F,DE,2022-10-01,475.0
M,TC,Y25-74,THS_PER,F,DE,2022-11-01,475.0
M,TC,Y25-74,THS_PER,F,DE,2022-12-01,471.0
M,TC,Y25-74,THS_PER,F,DE,2023-01-01,466.0
M,TC,Y25-74,THS_PER,F,DE,2023-02-01,459.0
M,TC,Y25-74,THS_PER,F,DE,2023-03-01,454.0
M,TC,Y25-74,THS_PER,F,DE,2023-04-01,452.0
M,TC,Y25-74,THS_PER,F,DE,2023-05-01,453.0
M,TC,Y25-74,THS_PER,F,DE,2023-06-01,458.0
M,TC,Y25-74,THS_PER,F,DE,2023-07-01,465.0
M,TC,Y25-74,THS_PER,F,DE,2023-08-01,473.0
M,TC,Y25-74,THS_PER,F,DE,2023-09-01,479.0
M,TC,Y25-74,THS_PER,F,DE,2023-10-01,484.0
M,TC,Y25-74,THS_PER,F,DE,2023-11-01,487.0
M,TC,Y25-74,THS_PER,F,DE,2023-12-01,489.0
M,TC,Y25-74,THS_PER,F,DE,2024-01-01,493.0
M,TC,Y25-74,THS_PER,F,DE,2024-02-01,498.0
M,TC,Y25-74,THS_PER,F,DE,2024-03-01,504.0
M,TC,Y25-74,THS_PER,F,DE,2024-04-01,512.0
M,TC,Y25-74,THS_PER,F,DE,2024-05-01,521.0
M,TC,Y25-74,THS_PER,F,DE,2024-06-01,528.0
M,TC,Y25-74,THS_PER,F,DE,2024-07-01,532.0
M,TC,Y25-74,THS_PER,F,DE,2024-08-01,534.0
M,TC,Y25-74,THS_PER,F,DE,2024-09-01,535.0
M,TC,Y25-74,THS_PER,F,DE,2024-10-01,535.0
M,TC,Y25-74,THS_PER,F,DE,2024-11-01,537.0
M,TC,Y25-74,THS_PER,F,DE,2024-12-01,540.0
M,TC,Y25-74,THS_PER,M,DE,2022-01-01,681.0
M,TC,Y25-74,THS_PER,M,DE,2022-02-01,665.0
M,TC,Y25-74,THS_PER,M,DE,2022-03-01,647.0
M,TC,Y25-74,THS_PER,M,DE,2022-04-01,632.0
M,TC,Y25-74,THS_PER,M,DE,2022-05-01,624.0
M,TC,Y25-74,THS_PER,M,DE,2022-06-01,623.0
M,TC,Y25-74,THS_PER,M,DE,2022-07-01,627.0
M,TC,Y25-74,THS_PER,M,DE,2022-08-01,631.0
M,TC,Y25-74,THS_PER,M,DE,2022-09-01,630.0
M,TC,Y25-74,THS_PER,M,DE,2022-10-01,625.0
M,TC,Y25-74,THS_PER,M,DE,2022-11-01,617.0
M,TC,Y25-74,THS_PER,M,DE,2022-12-01,607.0
M,TC,Y25-74,THS_PER,M,DE,2023-01-01,598.0
M,TC,Y25-74,THS_PER,M,DE,2023-02-01,591.0
M,TC,Y25-74,THS_PER,M,DE,2023-03-01,589.0
M,TC,Y25-74,THS_PER,M,DE,2023-04-01,591.0
M,TC,Y25-74,THS_PER,M,DE,2023-05-01,594.0
M,TC,Y25-74,THS_PER,M,DE,2023-06-01,600.0
M,TC,Y25-74,THS_PER,M,DE,2023-07-01,608.0
M,TC,Y25-74,THS_PER,M,DE,2023-08-01,617.0
M,TC,Y25-74,THS_PER,M,DE,2023-09-01,624.0
M,TC,Y25-74,THS_PER,M,DE,2023-10-01,630.0
M,TC,Y25-74,THS_PER,M,DE,2023-11-01,633.0
M,TC,Y25-74,THS_PER,M,DE,2023-12-01,635.0
M,TC,Y25-74,THS_PER,M,DE,2024-01-01,638.0
M,TC,Y25-74,THS_PER,M,DE,2024-02-01,644.0
M,TC,Y25-74,THS_PER,M,DE,2024-03-01,654.0
M,TC,Y25-74,THS_PER,M,DE,2024-04-01,664.0
M,TC,Y25-74,THS_PER,M,DE,2024-05-01,673.0
M,TC,Y25-74,THS_PER,M,DE,2024-06-01,678.0
M,TC,Y25-74,THS_PER,M,DE,2024-07-01,677.0
M,TC,Y25-74,THS_PER,M,DE,2024-08-01,673.0
M,TC,Y25-74,THS_PER,M,DE,2024-09-01,669.0
M,TC,Y25-74,THS_PER,M,DE,2024-10-01,668.0
M,TC,Y25-74,THS_PER,M,DE,2024-11-01,672.0
M,TC,Y25-74,THS_PER,M,DE,2024-12-01,683.0
M,TC,Y25-74,THS_PER,T,DE,2022-01-01,1156.0
M,TC,Y25-74,THS_PER,T,DE,2022-02-01,1136.0
M,TC,Y25-74,THS_PER,T,DE,2022-03-01,1115.0
M,TC,Y25-74,THS_PER,T,DE,2022-04-01,1097.0
M,TC,Y25-74,THS_PER,T,DE,2022-05-01,1088.0
M,TC,Y25-74,THS_PER,T,DE,2022-06-01,1089.0
M,TC,Y25-74,THS_PER,T,DE,2022-07-01,1095.0
M,TC,Y25-74,THS_PER,T,DE,2022-08-01,1102.0
M,TC,Y25-74,THS_PER,T,DE,2022-09-01,1103.0
M,TC,Y25-74,THS_PER,T,DE,2022-10-01,1100.0
M,TC,Y25-74,THS_PER,T,DE,2022-11-01,1092.0
M,TC,Y25-74,THS_PER,T,DE,2022-12-01,1078.0
M,TC,Y25-74,THS_PER,T,DE,2023-01-01,1064.0
M,TC,Y25-74,THS_PER,T,DE,2023-02-01,1051.0
M,TC,Y25-74,THS_PER,T,DE,2023-03-01,1043.0
M,TC,Y25-74,THS_PER,T,DE,2023-04-01,1042.0
M,TC,Y25-74,THS_PER,T,DE,2023-05-01,1048.0
M,TC,Y25-74,THS_PER,T,DE,2023-06-01,1058.0
M,TC,Y25-74,THS_PER,T,DE,2023-07-01,1073.0
M,TC,Y25-74,THS_PER,T,DE,2023-08-01,1089.0
M,TC,Y25-74,THS_PER,T,DE,2023-09-01,1103.0
M,TC,Y25-74,THS_PER,T,DE,2023-10-01,1113.0
M,TC,Y25-74,THS_PER,T,DE,2023-11-01,1119.0
M,TC,Y25-74,THS_PER,T,DE,2023-12-01,1124.0
M,TC,Y25-74,THS_PER,T,DE,2024-01-01,1131.0
M,TC,Y25-74,THS_PER,T,DE,2024-02-01,1142.0
M,TC,Y25-74,THS_PER,T,DE,2024-03-01,1158.0
M,TC,Y25-74,THS_PER,T,DE,2024-04-01,1177.0
M,TC,Y25-74,THS_PER,T,DE,2024-05-01,1194.0
M,TC,Y25-74,THS_PER,T,DE,2024-06-01,1206.0
M,TC,Y25-74,THS_PER,T,DE,2024-07-01,1209.0
M,TC,Y25-74,THS_PER,T,DE,2024-08-01,1207.0
M,TC,Y25-74,THS_PER,T,DE,2024-09-01,1203.0
M,TC,Y25-74,THS_PER,T,DE,2024-10-01,1203.0
M,TC,Y25-74,THS_PER,T,DE,2024-11-01,1209.0
M,TC,Y25-74,THS_PER,T,DE,2024-12-01,1223.0
M,TC,Y_LT25,PC_ACT,F,DE,2022-01-01,5.1
M,TC,Y_LT25,PC_ACT,F,DE,2022-02-01,5.0
M,TC,Y_LT25,PC_ACT,F,DE,2022-03-01,5.0
M,TC,Y_LT25,PC_ACT,F,DE,2022-04-01,5.1
M,TC,Y_LT25,PC_ACT,F,DE,2022-05-01,5.2
M,TC,Y_LT25,PC_ACT,F,DE,2022-06-01,5.3
M,TC,Y_LT25,PC_ACT,F,DE,2022-07-01,5.4
M,TC,Y_LT25,PC_ACT,F,DE,2022-08-01,5.5
M,TC,Y_LT25,PC_ACT,F,DE,2022-09-01,5.6
M,TC,Y_LT25,PC_ACT,F,DE,2022-10-01,5.6
M,TC,Y_LT25,PC_ACT,F,DE,2022-11-01,5.6
M,TC,Y_LT25,PC_ACT,F,DE,2022-12-01,5.5
M,TC,Y_LT25,PC_ACT,F,DE,2023-01-01,5.4
M,TC,Y_LT25,PC_ACT,F,DE,2023-02-01,5.4
M,TC,Y_LT25,PC_ACT,F,DE,2023-03-01,5.2
M,TC,Y_LT25,PC_ACT,F,DE,2023-04-01,5.2
M,TC,Y_LT25,PC_ACT,F,DE,2023-05-01,5.1
M,TC,Y_LT25,PC_ACT,F,DE,2023-06-01,5.0
M,TC,Y_LT25,PC_ACT,F,DE,2023-07-01,5.0
M,TC,Y_LT25,PC_ACT,F,DE,2023-08-01,5.0
M,TC,Y_LT25,PC_ACT,F,DE,2023-09-01,5.1
M,TC,Y_LT25,PC_ACT,F,DE,2023-10-01,5.1
M,TC,Y_LT25,PC_ACT,F,DE,2023-11-01,5.2
M,TC,Y_LT25,PC_ACT,F,DE,2023-12-01,5.3
M,TC,Y_LT25,PC_ACT,F,DE,2024-01-01,5.5
M,TC,Y_LT25,PC_ACT,F,DE,2024-02-01,5.6
M,TC,Y_LT25,PC_ACT,F,DE,2024-03-01,5.8
M,TC,Y_LT25,PC_ACT,F,DE,2024-04-01,6.0
M,TC,Y_LT25,PC_ACT,F,DE,2024-05-01,6.1
M,TC,Y_LT25,PC_ACT,F,DE,2024-06-01,6.2
M,TC,Y_LT25,PC_ACT,F,DE,2024-07-01,6.3
M,TC,Y_LT25,PC_ACT,F,DE,2024-08-01,6.3
M,TC,Y_LT25,PC_ACT,F,DE,2024-09-01,6.3
M,TC,Y_LT25,PC_ACT,F,DE,2024-10-01,6.3
M,TC,Y_LT25,PC_ACT,F,DE,2024-11-01,6.3
M,TC,Y_LT25,PC_ACT,F,DE,2024-12-01,6.3
M,TC,Y_LT25,PC_ACT,M,DE,2022-01-01,6.6
M,TC,Y_LT25,PC_ACT,M,DE,2022-02-01,6.6
M,TC,Y_LT25,PC_ACT,M,DE,2022-03-01,6.5
M,TC,Y_LT25,PC_ACT,M,DE,2022-04-01,6.5
M,TC,Y_LT25,PC_ACT,M,DE,2022-05-01,6.4
M,TC,Y_LT25,PC_ACT,M,DE,2022-06-01,6.4
M,TC,Y_LT25,PC_ACT,M,DE,2022-07-01,6.3
M,TC,Y_LT25,PC_ACT,M,DE,2022-08-01,6.2
M,TC,Y_LT25,PC_ACT,M,DE,2022-09-01,6.2
M,TC,Y_LT25,PC_ACT,M,DE,2022-10-01,6.2
M,TC,Y_LT25,PC_ACT,M,DE,2022-11-01,6.2
M,TC,Y_LT25,PC_ACT,M,DE,2022-12-01,6.1
M,TC,Y_LT25,PC_ACT,M,DE,2023-01-01,6.1
M,TC,Y_LT25,PC_ACT,M,DE,2023-02-01,6.2
M,TC,Y_LT25,PC_ACT,M,DE,2023-03-01,6.2
M,TC,Y_LT25,PC_ACT,M,DE,2023-04-01,6.2
M,TC,Y_LT25,PC_ACT,M,DE,2023-05-01,6.3
M,TC,Y_LT25,PC_ACT,M,DE,2023-06-01,6.3
M,TC,Y_LT25,PC_ACT,M,DE,2023-07-01,6.4
M,TC,Y_LT25,PC_ACT,M,DE,2023-08-01,6.4
M,TC,Y_LT25,PC_ACT,M,DE,2023-09-01,6.5
M,TC,Y_LT25,PC_ACT,M,DE,2023-10-01,6.5
M,TC,Y_LT25,PC_ACT,M,DE,2023-11-01,6.6
M,TC,Y_LT25,PC_ACT,M,DE,2023-12-01,6.6
M,TC,Y_LT25,PC_ACT,M,DE,2024-01-01,6.7
M,TC,Y_LT25,PC_ACT,M,DE,2024-02-01,6.8
M,TC,Y_LT25,PC_ACT,M,DE,2024-03-01,6.8
M,TC,Y_LT25,PC_ACT,M,DE,2024-04-01,6.9
M,TC,Y_LT25,PC_ACT,M,DE,2024-05-01,6.9
M,TC,Y_LT25,PC_ACT,M,DE,2024-06-01,7.0
M,TC,Y_LT25,PC_ACT,M,DE,2024-07-01,7.1
M,TC,Y_LT25,PC_ACT,M,DE,2024-08-01,7.2
M,TC,Y_LT25,PC_ACT,M,DE,2024-09-01,7.2
M,TC,Y_LT25,PC_ACT,M,DE,2024-10-01,7.2
M,TC,Y_LT25,PC_ACT,M,DE,2024-11-01,7.3
M,TC,Y_LT25,PC_ACT,M,DE,2024-12-01,7.3
M,TC,Y_LT25,PC_ACT,T,DE,2022-01-01,5.9
M,TC,Y_LT25,PC_ACT,T,DE,2022-02-01,5.9
M,TC,Y_LT25,PC_ACT,T,DE,2022-03-01,5.8
M,TC,Y_LT25,PC_ACT,T,DE,2022-04-01,5.8
M,TC,Y_LT25,PC_ACT,T,DE,2022-05-01,5.9
M,TC,Y_LT25,PC_ACT,T,DE,2022-06-01,5.9
M,TC,Y_LT25,PC_ACT,T,DE,2022-07-01,5.9
M,TC,Y_LT25,PC_ACT,T,DE,2022-08-01,5.9
M,TC,Y_LT25,PC_ACT,T,DE,2022-09-01,5.9
M,TC,Y_LT25,PC_ACT,T,DE,2022-10-01,5.9
M,TC,Y_LT25,PC_ACT,T,DE,2022-11-01,5.9
M,TC,Y_LT25,PC_ACT,T,DE,2022-12-01,5.9
M,TC,Y_LT25,PC_ACT,T,DE,2023-01-01,5.8
M,TC,Y_LT25,PC_ACT,T,DE,2023-02-01,5.8
M,TC,Y_LT25,PC_ACT,T,DE,2023-03-01,5.8
M,TC,Y_LT25,PC_ACT,T,DE,2023-04-01,5.7
M,TC,Y_LT25,PC_ACT,T,DE,2023-05-01,5.7
M,TC,Y_LT25,PC_ACT,T,DE,2023-06-01,5.7
M,TC,Y_LT25,PC_ACT,T,DE,2023-07-01,5.8
M,TC,Y_LT25,PC_ACT,T,DE,2023-08-01,5.8
M,TC,Y_LT25,PC_ACT,T,DE,2023-09-01,5.8
M,TC,Y_LT25,PC_ACT,T,DE,2023-10-01,5.9
M,TC,Y_LT25,PC_ACT,T,DE,2023-11-01,5.9
M,TC,Y_LT25,PC_ACT,T,DE,2023-12-01,6.0
M,TC,Y_LT25,PC_ACT,T,DE,2024-01-01,6.1
M,TC,Y_LT25,PC_ACT,T,DE,2024-02-01,6.2
M,TC,Y_LT25,PC_ACT,T,DE,2024-03-01,6.3
M,TC,Y_LT25,PC_ACT,T,DE,2024-04-01,6.5
M,TC,Y_LT25,PC_ACT,T,DE,2024-05-01,6.6
M,TC,Y_LT25,PC_ACT,T,DE,2024-06-01,6.7
M,TC,Y_LT25,PC_ACT,T,DE,2024-07-01,6.7
M,TC,Y_LT25,PC_ACT,T,DE,2024-08-01,6.8
M,TC,Y_LT25,PC_ACT,T,DE,2024-09-01,6.8
M,TC,Y_LT25,PC_ACT,T,DE,2024-10-01,6.8
M,TC,Y_LT25,PC_ACT,T,DE,2024-11-01,6.8
M,TC,Y_LT25,PC_ACT,T,DE,2024-12-01,6.8
M,TC,Y_LT25,THS_PER,F,DE,2022-01-01,101.0
M,TC,Y_LT25,THS_PER,F,DE,2022-02-01,101.0
M,TC,Y_LT25,THS_PER,F,DE,2022-03-01,101.0
M,TC,Y_LT25,THS_PER,F,DE,2022-04-01,101.0
M,TC,Y_LT25,THS_PER,F,DE,2022-05-01,103.0
M,TC,Y_LT25,THS_PER,F,DE,2022-06-01,105.0
M,TC,Y_LT25,THS_PER,F,DE,2022-07-01,108.0
M,TC,Y_LT25,THS_PER,F,DE,2022-08-01,111.0
M,TC,Y_LT25,THS_PER,F,DE,2022-09-01,112.0
M,TC,Y_LT25,THS_PER,F,DE,2022-10-01,114.0
M,TC,Y_LT25,THS_PER,F,DE,2022-11-01,114.0
M,TC,Y_LT25,THS_PER,F,DE,2022-12-01,113.0
M,TC,Y_LT25,THS_PER,F,DE,2023-01-01,112.0
M,TC,Y_LT25,THS_PER,F,DE,2023-02-01,110.0
M,TC,Y_LT25,THS_PER,F,DE,2023-03-01,108.0
M,TC,Y_LT25,THS_PER,F,DE,2023-04-01,107.0
M,TC,Y_LT25,THS_PER,F,DE,2023-05-01,105.0
M,TC,Y_LT25,THS_PER,F,DE,2023-06-01,104.0
M,TC,Y_LT25,THS_PER,F,DE,2023-07-01,103.0
M,TC,Y_LT25,THS_PER,F,DE,2023-08-01,103.0
M,TC,Y_LT25,THS_PER,F,DE,2023-09-01,104.0
M,TC,Y_LT25,THS_PER,F,DE,2023-10-01,105.0
M,TC,Y_LT25,THS_PER,F,DE,2023-11-01,107.0
M,TC,Y_LT25,THS_PER,F,DE,2023-12-01,110.0
M,TC,Y_LT25,THS_PER,F,DE,2024-01-01,114.0
M,TC,Y_LT25,THS_PER,F,DE,2024-02-01,118.0
M,TC,Y_LT25,THS_PER,F,DE,2024-03-01,122.0
M,TC,Y_LT25,THS_PER,F,DE,2024-04-01,126.0
M,TC,Y_LT25,THS_PER,F,DE,2024-05-01,128.0
M,TC,Y_LT25,THS_PER,F,DE,2024-06-01,131.0
M,TC,Y_LT25,THS_PER,F,DE,2024-07-01,132.0
M,TC,Y_LT25,THS_PER,F,DE,2024-08-01,133.0
M,TC,Y_LT25,THS_PER,F,DE,2024-09-01,133.0
M,TC,Y_LT25,THS_PER,F,DE,2024-10-01,133.0
M,TC,Y_LT25,THS_PER,F,DE,2024-11-01,132.0
M,TC,Y_LT25,THS_PER,F,DE,2024-12-01,132.0
M,TC,Y_LT25,THS_PER,M,DE,2022-01-01,151.0
M,TC,Y_LT25,THS_PER,M,DE,2022-02-01,150.0
M,TC,Y_LT25,THS_PER,M,DE,2022-03-01,150.0
M,TC,Y_LT25,THS_PER,M,DE,2022-04-01,149.0
M,TC,Y_LT25,THS_PER,M,DE,2022-05-01,149.0
M,TC,Y_LT25,THS_PER,M,DE,2022-06-01,148.0
M,TC,Y_LT25,THS_PER,M,DE,2022-07-01,148.0
M,TC,Y_LT25,THS_PER,M,DE,2022-08-01,147.0
M,TC,Y_LT25,THS_PER,M,DE,2022-09-01,147.0
M,TC,Y_LT25,THS_PER,M,DE,2022-10-01,148.0
M,TC,Y_LT25,THS_PER,M,DE,2022-11-01,148.0
M,TC,Y_LT25,THS_PER,M,DE,2022-12-01,148.0
M,TC,Y_LT25,THS_PER,M,DE,2023-01-01,149.0
M,TC,Y_LT25,THS_PER,M,DE,2023-02-01,149.0
M,TC,Y_LT25,THS_PER,M,DE,2023-03-01,150.0
M,TC,Y_LT25,THS_PER,M,DE,2023-04-01,151.0
M,TC,Y_LT25,THS_PER,M,DE,2023-05-01,152.0
M,TC,Y_LT25,THS_PER,M,DE,2023-06-01,153.0
M,TC,Y_LT25,THS_PER,M,DE,2023-07-01,154.0
M,TC,Y_LT25,THS_PER,M,DE,2023-08-01,154.0
M,TC,Y_LT25,THS_PER,M,DE,2023-09-01,155.0
M,TC,Y_LT25,THS_PER,M,DE,2023-10-01,156.0
M,TC,Y_LT25,THS_PER,M,DE,2023-11-01,157.0
M,TC,Y_LT25,THS_PER,M,DE,2023-12-01,158.0
M,TC,Y_LT25,THS_PER,M,DE,2024-01-01,160.0
M,TC,Y_LT25,THS_PER,M,DE,2024-02-01,162.0
M,TC,Y_LT25,THS_PER,M,DE,2024-03-01,165.0
M,TC,Y_LT25,THS_PER,M,DE,2024-04-01,167.0
M,TC,Y_LT25,THS_PER,M,DE,2024-05-01,169.0
M,TC,Y_LT25,THS_PER,M,DE,2024-06-01,171.0
M,TC,Y_LT25,THS_PER,M,DE,2024-07-01,173.0
M,TC,Y_LT25,THS_PER,M,DE,2024-08-01,175.0
M,TC,Y_LT25,THS_PER,M,DE,2024-09-01,176.0
M,TC,Y_LT25,THS_PER,M,DE,2024-10-01,177.0
M,TC,Y_LT25,THS_PER,M,DE,2024-11-01,177.0
M,TC,Y_LT25,THS_PER,M,DE,2024-12-01,177.0
M,TC,Y_LT25,THS_PER,T,DE,2022-01-01,253.0
M,TC,Y_LT25,THS_PER,T,DE,2022-02-01,251.0
M,TC,Y_LT25,THS_PER,T,DE,2022-03-01,250.0
M,TC,Y_LT25,THS_PER,T,DE,2022-04-01,251.0
M,TC,Y_LT25,THS_PER,T,DE,2022-05-01,252.0
M,TC,Y_LT25,THS_PER,T,DE,2022-06-01,254.0
M,TC,Y_LT25,THS_PER,T,DE,2022-07-01,256.0
M,TC,Y_LT25,THS_PER,T,DE,2022-08-01,258.0
M,TC,Y_LT25,THS_PER,T,DE,2022-09-01,260.0
M,TC,Y_LT25,THS_PER,T,DE,2022-10-01,261.0
M,TC,Y_LT25,THS_PER,T,DE,2022-11-01,262.0
M,TC,Y_LT25,THS_PER,T,DE,2022-12-01,261.0
M,TC,Y_LT25,THS_PER,T,DE,2023-01-01,261.0
M,TC,Y_LT25,THS_PER,T,DE,2023-02-01,260.0
M,TC,Y_LT25,THS_PER,T,DE,2023-03-01,259.0
M,TC,Y_LT25,THS_PER,T,DE,2023-04-01,258.0
M,TC,Y_LT25,THS_PER,T,DE,2023-05-01,258.0
M,TC,Y_LT25,THS_PER,T,DE,2023-06-01,257.0
M,TC,Y_LT25,THS_PER,T,DE,2023-07-01,257.0
M,TC,Y_LT25,THS_PER,T,DE,2023-08-01,258.0
M,TC,Y_LT25,THS_PER,T,DE,2023-09-01,259.0
M,TC,Y_LT25,THS_PER,T,DE,2023-10-01,261.0
M,TC,Y_LT25,THS_PER,T,DE,2023-11-01,264.0
M,TC,Y_LT25,THS_PER,T,DE,2023-12-01,268.0
M,TC,Y_LT25,THS_PER,T,DE,2024-01-01,274.0
M,TC,Y_LT25,THS_PER,T,DE,2024-02-01,280.0
M,TC,Y_LT25,THS_PER,T,DE,2024-03-01,287.0
M,TC,Y_LT25,THS_PER,T,DE,2024-04-01,292.0
M,TC,Y_LT25,THS_PER,T,DE,2024-05-01,297.0
M,TC,Y_LT25,THS_PER,T,DE,2024-06-01,302.0
M,TC,Y_LT25,THS_PER,T,DE,2024-07-01,305.0
M,TC,Y_LT25,THS_PER,T,DE,2024-08-01,308.0
M,TC,Y_LT25,THS_PER,T,DE,2024-09-01,309.0
M,TC,Y_LT25,THS_PER,T,DE,2024-10-01,310.0
M,TC,Y_LT25,THS_PER,T,DE,2024-11-01,310.0
M,TC,Y_LT25,THS_PER,T,DE,2024-12-01,309.0
